designation,prdtypecode,category,emoji,price,productid,imageid,image_base
Resolving Stress In Your Marriage : How To Identify And Solve The Twel,10,Livres,📖,168 €,53291144,539067330,image_539067330_product_53291144
From Times Square To Timbuktu: The Post-Christian West Meets The Non-W,10,Livres,📖,33 €,196547987,946518577,image_946518577_product_196547987
Transnationalism In Iranian Political Thought,10,Livres,📖,11 €,1798131351,1151810891,image_1151810891_product_1798131351
Jeanne D'arc Opera En Quatre Actes Et Six Tableaux - Paroles Et Musiqu,10,Livres,📖,194 €,390987066,1003160003,image_1003160003_product_390987066
Les Maladies De La Femmes,10,Livres,📖,75 €,6408880,476582358,image_476582358_product_6408880
L'honorable Partie De Campagne,10,Livres,📖,67 €,18045197,947873676,image_947873676_product_18045197
Adiga A: Last Man In Tower,10,Livres,📖,62 €,145072182,903338019,image_903338019_product_145072182
De La Vie Devote A La Vie Mystique Sainte Thérèse D'avila - Saint Fran,10,Livres,📖,40 €,121607381,876358653,image_876358653_product_121607381
Café Au Lait Et Pain Aux Raisins,10,Livres,📖,193 €,265666,1274623356,image_1274623356_product_265666
Home - Habitat Ouvert Et Sur Mesure,10,Livres,📖,31 €,2875502252,1274369833,image_1274369833_product_2875502252
The Value Of Food,10,Livres,📖,178 €,4141394221,1300240833,image_1300240833_product_4141394221
William Congreve (English Dramatists),10,Livres,📖,194 €,4126699696,1295412774,image_1295412774_product_4126699696
Giant Grab A Pencil Bk Of,10,Livres,📖,144 €,86909483,1304205943,image_1304205943_product_86909483
Thomas' Really Useful Word Book (Thomas The Tank Engine),10,Livres,📖,27 €,143687848,1062167158,image_1062167158_product_143687848
Almanach De La Petite Gironde 1911.,10,Livres,📖,156 €,1041093644,1054273098,image_1054273098_product_1041093644
Russian Painting (Temporis Collection),10,Livres,📖,113 €,4120667478,1293805101,image_1293805101_product_4120667478
Self-Referentiality In The Qur'an,10,Livres,📖,13 €,584408840,1196305749,image_1196305749_product_584408840
L'île Sous La Mer,10,Livres,📖,12 €,181635643,1082977842,image_1082977842_product_181635643
Qu'est-Ce Qu'un Microbe ?,10,Livres,📖,28 €,208529,894219040,image_894219040_product_208529
Les Voyages-Enquêtes D'alex Et Taïs Tome 3 - Le Pays Indien,10,Livres,📖,60 €,1883560700,1292373001,image_1292373001_product_1883560700
Les Mots Rigolos De Pipelette & Momo Tome 3 - A L'école,10,Livres,📖,64 €,3816951689,1306668329,image_1306668329_product_3816951689
A B C Ou Instructions Pour Les Enfans . Augmenté Des Maximes De L'honn,10,Livres,📖,134 €,439646462,1008932093,image_1008932093_product_439646462
Processing Bookkeeping Transactions - Pocket Notes,10,Livres,📖,159 €,4125529253,1295282447,image_1295282447_product_4125529253
Les Nouvelles Aventures De San-Antonio Tome 14 - Macchab Academy,10,Livres,📖,11 €,201071636,1274456922,image_1274456922_product_201071636
Changing Public Threats And Police Priorities,10,Livres,📖,148 €,4126375227,1295419132,image_1295419132_product_4126375227
Moksha Smith: Agni's Warrior-Sage: An Epic Of The Immortal Fire New Ed,10,Livres,📖,55 €,498351443,1019030174,image_1019030174_product_498351443
Les Derniers Jours De L'apocalypse : Gurdjieff Bo-Yin-Ra Pak Subuh Et ,10,Livres,📖,188 €,18220079,849939943,image_849939943_product_18220079
Réflexions Générales Sur Le Duel Par M. L'abbé Grégoire...,10,Livres,📖,171 €,439001569,1008620367,image_1008620367_product_439001569
The Dragon Prince: A Chinese Beauty & The Beast Tale,10,Livres,📖,184 €,97190579,1205812278,image_1205812278_product_97190579
Up-Grade! Cello Grades 3-5,10,Livres,📖,144 €,105375780,1208059183,image_1208059183_product_105375780
Wildhexe 01. Die Feuerprobe,10,Livres,📖,112 €,257960799,1061377341,image_1061377341_product_257960799
Assemblo  Notice Pour Jeux Empilables - Pour Enseignants,10,Livres,📖,61 €,565040877,1026466296,image_1026466296_product_565040877
Van De Velde Son Marine Painters,10,Livres,📖,119 €,2342747476,1137536516,image_1137536516_product_2342747476
Télémaque - Je Ne Sais Quoi De Pur Et De Sublime,10,Livres,📖,155 €,580161,1000076039,image_1000076039_product_580161
A/R Andata + Ritorno,10,Livres,📖,76 €,2377651031,1139009534,image_1139009534_product_2377651031
Bulletin Monumental De La Société Française D'archéologie. Tome Cxxvi ,10,Livres,📖,6 €,225369928,957765734,image_957765734_product_225369928
L. Nosbom. Amplificateur Magnétique Et Thyratron Au Silicium Dans L'in,10,Livres,📖,199 €,1902744738,1110456793,image_1110456793_product_1902744738
Metal Gear Solid V The Phantom Pain Figurine Nendoroid Venom Snake Sne,1140,Figurines & goodies,🧸,45 €,1345124589,1075431714,image_1075431714_product_1345124589
Etains Du Prince Colonel Krasinski,1140,Figurines & goodies,🧸,183 €,3744193454,1240834429,image_1240834429_product_3744193454
Halloween Doux Citrouille Dessin Animé Squishy Hausse Lente Squeeze Jo,1140,Figurines & goodies,🧸,113 €,3785101712,1244535716,image_1244535716_product_3785101712
Kid Paddle - Figurine Midam - Mac Donalds Happy Meal 2004,1140,Figurines & goodies,🧸,92 €,166296257,920488802,image_920488802_product_166296257
D&d Mini - Desert Of Desolation - Spined Devil #37/60,1140,Figurines & goodies,🧸,76 €,105374348,864060210,image_864060210_product_105374348
Figurine Plomb Dc Eaglemoss The Question,1140,Figurines & goodies,🧸,44 €,168832861,921733111,image_921733111_product_168832861
Hot Toys Mms299 - Marvel Comics - Avengers : Age Of Ultron - Iron Legi,1140,Figurines & goodies,🧸,60 €,4071503013,1285919291,image_1285919291_product_4071503013
Figurine Pop! The Atom Dc's Legend Of Tomorrow,1140,Figurines & goodies,🧸,200 €,4093245630,1290614115,image_1290614115_product_4093245630
Bob Le Bricoleur - Ami,1140,Figurines & goodies,🧸,91 €,6555513,229422030,image_229422030_product_6555513
Duel Gundam Assaultshroud Gunpla Mg Master Grade Gundam Seed 1/100,1140,Figurines & goodies,🧸,31 €,294323544,987430602,image_987430602_product_294323544
Ben 10 Serie Tv Ben10 - Figurine Articulée Avec Accessoires - Quad,1140,Figurines & goodies,🧸,28 €,2182950620,1318308601,image_1318308601_product_2182950620
Rescue Mechanic Thunderbird No. 4 (Japan Import),1140,Figurines & goodies,🧸,102 €,294479522,987628670,image_987628670_product_294479522
2 Figurines Scooby Doo + Un Pot De Gel Gluant,1140,Figurines & goodies,🧸,29 €,179668963,947746850,image_947746850_product_179668963
Star Wars - Movie Heroes - Figurine Et Carte À Collectionner : Darth V,1140,Figurines & goodies,🧸,96 €,226903486,964041708,image_964041708_product_226903486
Figurine Dolfi Au Cirque - Le Clown Blanc - 2004,1140,Figurines & goodies,🧸,93 €,1810809179,1103087682,image_1103087682_product_1810809179
Petshop Chat Sphinx N°3152,1140,Figurines & goodies,🧸,159 €,1509170939,1086185614,image_1086185614_product_1509170939
Figurine Happy Box - Le Happy Savant Fou - Happy Meal - Mcdo 2012,1140,Figurines & goodies,🧸,72 €,1311360213,1072961775,image_1072961775_product_1311360213
Marvel  - Figure Factory La Chose,1140,Figurines & goodies,🧸,16 €,68166283,834823860,image_834823860_product_68166283
Geek - T-Shirt You Are In Control - Black (Xl),1140,Figurines & goodies,🧸,191 €,3756680246,1241431537,image_1241431537_product_3756680246
D&d Desert Of Desolation - #17 Eternal Blade,1140,Figurines & goodies,🧸,122 €,105384596,864060197,image_864060197_product_105384596
Stikeez - Lidl - 2015 - Fuzzle,1140,Figurines & goodies,🧸,142 €,4220974630,1321344480,image_1321344480_product_4220974630
Dc Comics Dragonne Avec Porte-Clés Caoutchouc Harley Quinn,1140,Figurines & goodies,🧸,36 €,1688209241,1233296965,image_1233296965_product_1688209241
Magnet Père Dodu - Régions D'europe - 23 Copenhague,1140,Figurines & goodies,🧸,101 €,70613571,836144550,image_836144550_product_70613571
Fève Pirate Des Caraibes La Bannière,1140,Figurines & goodies,🧸,25 €,62087472,781439600,image_781439600_product_62087472
Figurine Pop - Kingdom Hearts - Sora - Funko Pop,1140,Figurines & goodies,🧸,146 €,2612255166,1152792625,image_1152792625_product_2612255166
Vaisseau Star Wars Zam Wesell's Airspeeder En Plomb Atlas,1140,Figurines & goodies,🧸,80 €,102051534,1094179017,image_1094179017_product_102051534
Figurine Pop - Bleach - Ichigo Hollow - Funko Pop,1140,Figurines & goodies,🧸,165 €,3569040402,1222138676,image_1222138676_product_3569040402
Megaman De Noël En Perle Hama/Perler,1140,Figurines & goodies,🧸,163 €,971564856,1051389107,image_1051389107_product_971564856
Plaque Charles Gervais Avec 3 Enfants Devant Une Vitrine Tole Bombée 4,1140,Figurines & goodies,🧸,97 €,3613866640,1227923140,image_1227923140_product_3613866640
Figurine - Funko Pop - Rick & Morty - Kiara,1140,Figurines & goodies,🧸,152 €,3614906009,1228160940,image_1228160940_product_3614906009
Tekken 2 Tag Tournament - Figurine Bishoujo Jaycee ( Julia Chang ),1140,Figurines & goodies,🧸,54 €,286004512,982248606,image_982248606_product_286004512
Monstruosité Du Moldgraf - Mtg - Commander 2018 - R - 156/307,1160,Cartes à collectionner,🃏,185 €,3318131864,1206468387,image_1206468387_product_3318131864
Carte Pokémon 11/122 Arcanin 110 Pv - Reverse Xy - Rupture Turbo Neuf ,1160,Cartes à collectionner,🃏,22 €,1115318096,1062486283,image_1062486283_product_1115318096
"Carte Yu-Gi-Oh! ""Ninja Armé"" Rare Ldd-C106",1160,Cartes à collectionner,🃏,16 €,134547009,888401188,image_888401188_product_134547009
Carte Pokémon 57/147 Grodrive 80 Pv - Reverse Série Platine Vs Neuf Fr,1160,Cartes à collectionner,🃏,174 €,1974798899,1117497885,image_1117497885_product_1974798899
N° 138 - Carte Foot Trading Cards Champions League 2007 - 2008 - Gaby ,1160,Cartes à collectionner,🃏,63 €,1483561469,1083754680,image_1083754680_product_1483561469
Leave Them To Me - Star Wars Decipher - Death Star 2,1160,Cartes à collectionner,🃏,79 €,143451072,897424074,image_897424074_product_143451072
Carte Dragon Ball 118 (I V) Player 118 Jap Dbz Bandai 2008 Made In Jap,1160,Cartes à collectionner,🃏,25 €,1520746797,1087423614,image_1087423614_product_1520746797
Carte Pokémon 61/98 Miaouss 60 Pv - Reverse Xy - Origines Antiques Neu,1160,Cartes à collectionner,🃏,64 €,846849177,1043066829,image_1043066829_product_846849177
Spiritomb Reverse 89/181 Série Soleil Et Lune Duo De Choc,1160,Cartes à collectionner,🃏,30 €,3751739986,1241252199,image_1241252199_product_3751739986
Jim Bilba - Official Basket Panini 94 - N°78,1160,Cartes à collectionner,🃏,102 €,51001658,865979300,image_865979300_product_51001658
Héraut D'airain (8ème Édition),1160,Cartes à collectionner,🃏,76 €,4193543,250150556,image_250150556_product_4193543
Elvish Hunter Ill.2 - Magic Mtg - Fallen Empires 0 - C,1160,Cartes à collectionner,🃏,121 €,117389361,872288019,image_872288019_product_117389361
Keldon Warlord - Revised - Vo,1160,Cartes à collectionner,🃏,167 €,16266390,284532563,image_284532563_product_16266390
Carte Star Wars Cosmic Shells &#34;Finn&#34; Numéro 08,1160,Cartes à collectionner,🃏,98 €,2662964829,1156676649,image_1156676649_product_2662964829
Steal Artifact // Vol D&#39;Artefact - 3ème Édition Bords Blanc,1160,Cartes à collectionner,🃏,46 €,2541831713,1148827287,image_1148827287_product_2541831713
Ni 863 Kakashi Hatake Reliance  Carte Naruto Shippuden Us,1160,Cartes à collectionner,🃏,99 €,161956812,916865659,image_916865659_product_161956812
Foil Premium Changelin À Écailles De Tortue  - Magic Mtg - Lorwyn 94 -,1160,Cartes à collectionner,🃏,95 €,101741499,862188099,image_862188099_product_101741499
Judokrak + Karaclée - Noir & Blanc - 61 Et 62/114,1160,Cartes à collectionner,🃏,58 €,742406978,1038477659,image_1038477659_product_742406978
Carte Panini Xl Adrenalyn Euro 2016 336/459 Team Mate Albania Ansi Ago,1160,Cartes à collectionner,🃏,176 €,1539031970,1088413134,image_1088413134_product_1539031970
Yu-Gi-Oh! - Mp16-Fr002 - Éléphantmarteau Potartiste - Rare,1160,Cartes à collectionner,🃏,73 €,1522348283,1102973280,image_1102973280_product_1522348283
Carte Dragon Ball Super Bt5-033 Son Goten Barrage De Ki Commune,1160,Cartes à collectionner,🃏,184 €,3754666967,1241834720,image_1241834720_product_3754666967
Carte Marvel Heroes 124 - Spiderman / Daredevil / Iron Man - Lamincard,1160,Cartes à collectionner,🃏,179 €,147304434,902287805,image_902287805_product_147304434
Chevalier Céleste De Tresserhom - Souffle Glaciaire - Vf - Unco,1160,Cartes à collectionner,🃏,170 €,57694767,696395430,image_696395430_product_57694767
Mtg - Rune De Garde Morgueguilde [Insurrection] X4,1160,Cartes à collectionner,🃏,23 €,197619665,937368527,image_937368527_product_197619665
Dragon Ball Z Dp 3400 N°260,1160,Cartes à collectionner,🃏,160 €,77606929,847915017,image_847915017_product_77606929
Carte Pokémon 22/123 Granbull 90 Pv Heartgold Soulsilver Neuf Fr,1160,Cartes à collectionner,🃏,167 €,401114043,1004004861,image_1004004861_product_401114043
Yu-Gi-Oh! Lot 3 Dieux Egyptiens - Obelisk Slifer Dragon Ailé De Râ Dec,1160,Cartes à collectionner,🃏,48 €,3976851749,1271686094,image_1271686094_product_3976851749
Dbz Carte Dragon Ball Z Part 9 Dp Bp Carddass 362,1160,Cartes à collectionner,🃏,141 €,275283719,976143772,image_976143772_product_275283719
Noeunoeuf 40pv (1/108) + Trompignon 40pv (9/101) + Apitrini 30pv (44/9,1160,Cartes à collectionner,🃏,191 €,1132782466,1064712195,image_1064712195_product_1132782466
Carte Pokemon - Melofee - 69/111 - Xy Poings Furieux -,1160,Cartes à collectionner,🃏,67 €,334123411,999076761,image_999076761_product_334123411
Dévoration De La Licorne 02 - Homelands - Vf,1160,Cartes à collectionner,🃏,46 €,7249993,249349452,image_249349452_product_7249993
Reverse Grodoudou - Pokemon - Duels Au Sommet 32,1160,Cartes à collectionner,🃏,123 €,82420375,850844498,image_850844498_product_82420375
Wok Mystique (Carte Magique),1160,Cartes à collectionner,🃏,102 €,3501526,232469330,image_232469330_product_3501526
Carte Yu-Gi-Oh Shsp-Fr002 Chow Chow Chan,1160,Cartes à collectionner,🃏,74 €,2083255638,1124785251,image_1124785251_product_2083255638
Carte Pokémon - Minidraco - 49/108 - Xy - Ciel Rugissant - 2015 - Scb,1160,Cartes à collectionner,🃏,168 €,4165106265,1306679982,image_1306679982_product_4165106265
Carte Pokemon Chovsourir 60pv - Frontières Franchies 70/149,1160,Cartes à collectionner,🃏,181 €,195069214,935599934,image_935599934_product_195069214
Hirudegarn La Perfection Éveillée Bt4-024 R,1160,Cartes à collectionner,🃏,147 €,3661013771,1232860265,image_1232860265_product_3661013771
Carte Yu-Gi-Oh Lckc-Fr094 Disparitions En Chaîne,1160,Cartes à collectionner,🃏,61 €,2855968158,1168291430,image_1168291430_product_2855968158
Carte Pokémon 101/111 Collecte D'outils Xy03 Xy Poings Furieux Neuf Fr,1160,Cartes à collectionner,🃏,180 €,401115820,1004010072,image_1004010072_product_401115820
Crocs En Or Potartiste (Cyho-Fr095),1160,Cartes à collectionner,🃏,88 €,3884335705,1258225783,image_1258225783_product_3884335705
Carte Pokemon - Karaclee - 69/124 - Reverse - Dragons Exaltes -,1160,Cartes à collectionner,🃏,19 €,237844922,961584351,image_961584351_product_237844922
Pokemon - Trainer - Restes,1160,Cartes à collectionner,🃏,63 €,129212874,884068672,image_884068672_product_129212874
Salamèche 48/108 Set Ex Gardiens Du Pouvoir Fr,1160,Cartes à collectionner,🃏,13 €,2871337348,1169254918,image_1169254918_product_2871337348
Crookclaw Elder Legions  Unco Vo,1160,Cartes à collectionner,🃏,85 €,179686553,927357817,image_927357817_product_179686553
Milus Radieux - Yu-Gi-Oh! - Mrd-F110 - R,1160,Cartes à collectionner,🃏,107 €,85245779,853995119,image_853995119_product_85245779
Carte Supére Rare Foil Promo N°623,1160,Cartes à collectionner,🃏,73 €,184638411,930953550,image_930953550_product_184638411
Merveilles Secrètes - Kirlia (53) + Tarsal (102/132),1160,Cartes à collectionner,🃏,21 €,2189169216,1131203915,image_1131203915_product_2189169216
Warhammer 40k :  Prince  Tyranide Tyranid  ( Metal ),1180,Jeux de rôle & figurines,🐉,59 €,177587160,925881553,image_925881553_product_177587160
Train En Bois « Classique » Nature Trainible,1180,Jeux de rôle & figurines,🐉,150 €,1548293504,1161463030,image_1161463030_product_1548293504
Boîte À Musique : La Chanson De Minette,1180,Jeux de rôle & figurines,🐉,188 €,1466013348,1082340481,image_1082340481_product_1466013348
Vert Noir P021 Gamme Air - Pot De 17ml - Prince August,1180,Jeux de rôle & figurines,🐉,85 €,254948347,968772549,image_968772549_product_254948347
Staks Star Wars - Kit De Lancement,1180,Jeux de rôle & figurines,🐉,59 €,118489078,1130727503,image_1130727503_product_118489078
Warhammer Battle - Banshee Des Comtes Vampires (91-33),1180,Jeux de rôle & figurines,🐉,172 €,258356335,970079752,image_970079752_product_258356335
Cloak & Dagger Tsr11627,1180,Jeux de rôle & figurines,🐉,132 €,3881312854,1257978910,image_1257978910_product_3881312854
Figurine De Dragonlance Ral Partha Dragonlance 1997 - 11-428 Young Dra,1180,Jeux de rôle & figurines,🐉,106 €,159350020,914956981,image_914956981_product_159350020
Warhammer Tombeau Ouvert Objectif Pro Paint,1180,Jeux de rôle & figurines,🐉,169 €,3796729505,1246424086,image_1246424086_product_3796729505
Docteur La Peluche Magnétique Sketcher - Couleurs Variées,1280,Jouets enfants,🧸,122 €,4018252323,1276896118,image_1276896118_product_4018252323
Lazerbuilt Tabzoo Hippo - Étui Protecteur Pour Tablette - Néoprène,1280,Jouets enfants,🧸,41 €,289189072,1105815462,image_1105815462_product_289189072
Moakoada®Robe De Mariée Mode Princesse Dreamtopia Fairytale Dress Up D,1280,Jouets enfants,🧸,72 €,4056051496,1282373179,image_1282373179_product_4056051496
Protection Hélice Protector Cadre De Protection Pour Hubsan H501s X4 R,1280,Jouets enfants,🧸,40 €,3951004960,1268413615,image_1268413615_product_3951004960
Diy Bright Color Crystal Clay With Shell Accessories Slime Kids Clay T,1280,Jouets enfants,🧸,68 €,4063249230,1284280557,image_1284280557_product_4063249230
Buyiesky®Sécurité Serviette Infantile Pour Bébé Doux Sommeil Apaisant ,1280,Jouets enfants,🧸,195 €,4053884944,1282037835,image_1282037835_product_4053884944
Buyiesky®Bébé Kid Développement Éducatifs Jeux De Simulation Appareils,1280,Jouets enfants,🧸,148 €,4053876934,1282004437,image_1282004437_product_4053876934
Pour Dji Tello 3 En 1 Multi Smart Battery Charger Hub Batteries De Cha,1280,Jouets enfants,🧸,142 €,3995362502,1273935510,image_1273935510_product_3995362502
Modèle Réduit De Voiture : Chevrolet Camaro 2017 Zl1 : Echelle 1/24,1280,Jouets enfants,🧸,72 €,2444534595,1141937222,image_1141937222_product_2444534595
Kits De Garage Jouets Et Loisirs Lifelike 12 Inch Christmas Dolls Wash,1280,Jouets enfants,🧸,196 €,4215327272,1318674082,image_1318674082_product_4215327272
6pc + Nd8 + Nd4 + Nd16-Pl + Nd4 Nd8-Pl + Pl-Nd16 Caméra Filtres Lens P,1280,Jouets enfants,🧸,154 €,3908520575,1262600404,image_1262600404_product_3908520575
60ml Couleur Mélange Bricolage Bonbons Slime Boue Parfumée Stress Reli,1280,Jouets enfants,🧸,114 €,4231423653,1323877658,image_1323877658_product_4231423653
12pcs Eva Mousse Dés À Six Faces Kid Jeu Dice Spot Souple En Savoir Pl,1280,Jouets enfants,🧸,154 €,3748230893,1240775163,image_1240775163_product_3748230893
Sg800 Mini Pliable 2.4ghz Rc Quadcopter Pocket Hélicoptère Drone Altit,1280,Jouets enfants,🧸,107 €,3940019692,1266857518,image_1266857518_product_3940019692
8pcs / Set Conte De Fées Les Marionnettes Énormes De Doigt De Navet,1280,Jouets enfants,🧸,97 €,1791625634,1102152953,image_1102152953_product_1791625634
Fruit En Bois Éducation Colonne Bloc De Construction En Forme De Casse,1280,Jouets enfants,🧸,61 €,3908160522,1262460882,image_1262460882_product_3908160522
Kinder - Série : Bob L'éponge (2005) - Mpg S-204 / Mpg S204 : Patrick,1280,Jouets enfants,🧸,40 €,50339039,447425624,image_447425624_product_50339039
Anneau De Projection D'animaux En Bois Tonifiant Intellectuelle Jeu Ce,1280,Jouets enfants,🧸,135 €,3580770933,1223434982,image_1223434982_product_3580770933
Figurine - Disney - Pluto  - Articule,1280,Jouets enfants,🧸,131 €,1830267426,1104381727,image_1104381727_product_1830267426
Peluche Porte Clef - Kung-Fu Panda 17 Cm - Mac Donald,1280,Jouets enfants,🧸,28 €,4092582385,1290607467,image_1290607467_product_4092582385
Briarberry Bear Ice Skating Wear Dress-Up,1280,Jouets enfants,🧸,198 €,3470055008,1215511981,image_1215511981_product_3470055008
Courir Dans Une Boule De Hamster En Peluche Électrique Roulant Intelli,1280,Jouets enfants,🧸,17 €,4085959704,1289011650,image_1289011650_product_4085959704
01:20 2rm Haute Vitesse Rc Racing Voiture 4 Roues Motrices Télécommand,1280,Jouets enfants,🧸,33 €,4045060525,1280428997,image_1280428997_product_4045060525
Metal Gear Robuste Essieu Arrière Assemblée De Pièces De Rechange Wpl ,1280,Jouets enfants,🧸,44 €,3789532574,1245186660,image_1245186660_product_3789532574
Drôle Bouncing Gyro Gyro Doigt Élastique Fingertip Intervalle Décompre,1280,Jouets enfants,🧸,165 €,3883427138,1258358859,image_1258358859_product_3883427138
Bébé 8pcs Animal Puzzle En Bois Éducatif Développement Enfants Formati,1280,Jouets enfants,🧸,45 €,4053081566,1281779902,image_1281779902_product_4053081566
Dc Comics Dorbz Vinyl Figurine Supergirl 8 Cm,1280,Jouets enfants,🧸,179 €,2762498972,1163027526,image_1163027526_product_2762498972
Docteur Pretend Set Médical Cas Éducatif Jeux De Rôle Cadeau Jouet Pou,1280,Jouets enfants,🧸,113 €,3908157653,1262441872,image_1262441872_product_3908157653
Doudou Elephant Mots D'enfants 1790808 46,1280,Jouets enfants,🧸,157 €,1852811098,1105538567,image_1105538567_product_1852811098
Cheval À Bascule Avec Dossier Peluche 60 X 32 X 50 Cm Marron,1280,Jouets enfants,🧸,21 €,3935924625,1265967541,image_1265967541_product_3935924625
Agitant Ailes Talking Parrot Imite & Répète Ce Que Vous Dites Cadeau D,1280,Jouets enfants,🧸,103 €,4045060537,1280429266,image_1280429266_product_4045060537
Globo Toys 37626 66 X 31.5 Cm D'été Raquettes De Badminton Avec 2-Shut,1280,Jouets enfants,🧸,102 €,4221430076,1320279372,image_1320279372_product_4221430076
Figurines Militaires : Infanterie De L'union (Guerre De Sécession),1280,Jouets enfants,🧸,157 €,1831999321,1104375403,image_1104375403_product_1831999321
4 En 1 Bricolage Assemblez Robot Insectes Dinosaur Solaire Jouet Éduca,1280,Jouets enfants,🧸,124 €,3867140241,1254966645,image_1254966645_product_3867140241
Tomy Pajanimals Large Plush - Apollo,1280,Jouets enfants,🧸,140 €,3762643731,1242125748,image_1242125748_product_3762643731
Jouets Et Loisirs Jouets Pour Enfants Éducation 1pc Model Tree Train S,1280,Jouets enfants,🧸,69 €,4217966915,1319081737,image_1319081737_product_4217966915
Puzzle 54 Pièces Puzzle 3d - Coffret Coeur - Monde Sous-Marin,1280,Jouets enfants,🧸,146 €,2932153931,1173818974,image_1173818974_product_2932153931
Roblox Apocalypse Rising Vehicle,1280,Jouets enfants,🧸,7 €,3745175615,1240240461,image_1240240461_product_3745175615
Cadeaux De Noël Pour Enfants Dentistes Outils Et Roleplay Enfants Pret,1280,Jouets enfants,🧸,179 €,4066256032,1285041168,image_1285041168_product_4066256032
¿Uf Slime Mélange Nuage Slime Putty Parfumée Stress Enfants Jouets Cla,1280,Jouets enfants,🧸,189 €,4231413448,1323331381,image_1323331381_product_4231413448
Marionnettes Jeu De Rôle Gants Réalistes Soft Toy,1280,Jouets enfants,🧸,34 €,3883424010,1258323785,image_1258323785_product_3883424010
Peluche  Rare Lion Chat Grelot Marque Tieno 30 Cm,1280,Jouets enfants,🧸,179 €,1652822421,1096483737,image_1096483737_product_1652822421
1/10 Rc Voiture Accessoires En Alliage Avant Essieu Arrière Pour Axial,1280,Jouets enfants,🧸,142 €,3708927701,1236533140,image_1236533140_product_3708927701
Magie Inductive Réservoir Ligne Black Magic Follows Voiture Jouet Pour,1280,Jouets enfants,🧸,197 €,4085968919,1289109760,image_1289109760_product_4085968919
Doudou Orange Loutre / Otarie Collier Fleur Bleu,1280,Jouets enfants,🧸,73 €,138314928,891789107,image_891789107_product_138314928
4 Pacs Low Noise Mute Hélice Props Drapeau Américain Lame Pour Zerotec,1280,Jouets enfants,🧸,169 €,3974956513,1271084690,image_1271084690_product_3974956513
Nintendo Commutateur Kits D'accessoires Ensembles 10 En 1 Joy Con Poig,1280,Jouets enfants,🧸,92 €,3789609019,1245228918,image_1245228918_product_3789609019
Animaux Hibou Doux Tissu Intelligence Bébé Développement En Savoir Ima,1280,Jouets enfants,🧸,33 €,4250677749,1328258872,image_1328258872_product_4250677749
Captain Hook Pirate (Oop),1280,Jouets enfants,🧸,80 €,3287148342,1204209004,image_1204209004_product_3287148342
Machine De L&#39;Histoire Jouets Pour Bébés,1280,Jouets enfants,🧸,116 €,2536015190,1148590146,image_1148590146_product_2536015190
Doudou Et Compagnie Les Demoiselles De Doudou Poupée Mlle Bleuet Bleu ,1280,Jouets enfants,🧸,45 €,3893404120,1268895411,image_1268895411_product_3893404120
Rhinocéros Modèle Animal Jouet Figurine Ornement Jouets Modèle De223,1280,Jouets enfants,🧸,121 €,3609723878,1227443148,image_1227443148_product_3609723878
Lifelike Baby Doll Reborn Doll 55cm Nouveau-Né Enfants Fille Playmate ,1280,Jouets enfants,🧸,5 €,3596027266,1226130425,image_1226130425_product_3596027266
Esquimaux Moulin Roty Peluche Doudou Inuit 30 Cm,1280,Jouets enfants,🧸,189 €,3871910061,1256449946,image_1256449946_product_3871910061
Grand Chateau Fort En Carton A Construire Colorier Décorer Maison,1280,Jouets enfants,🧸,189 €,3420709898,1212275053,image_1212275053_product_3420709898
Polarizer Len Enfants Science Expérience Physique Polarisation Éducati,1280,Jouets enfants,🧸,72 €,4186266476,1314349686,image_1314349686_product_4186266476
Sylvanian Families - Town Series Le Lampadaire,1280,Jouets enfants,🧸,133 €,2887780298,1318119335,image_1318119335_product_2887780298
I Gotta Go With... The Ultimate Party Game That Has Everyone Talking P,1281,Jeux de société,🎲,200 €,3287289477,1204248949,image_1204248949_product_3287289477
Jeu Pour Console Educative Enfants Blocs De Construction Educatifs Tra,1281,Jeux de société,🎲,50 €,4044875878,1280369606,image_1280369606_product_4044875878
9 Pièces En Bois Heux Zoo Puzzle D'apprentissage Bébé Enfants Jouets D,1281,Jeux de société,🎲,134 €,4006494182,1275542867,image_1275542867_product_4006494182
2063 Disney Planes: Ripslinger,1281,Jeux de société,🎲,32 €,436163977,1008227603,image_1008227603_product_436163977
6 En 1 Animal Cartoon Trafic En Bois Casse-Tête De La Petite Enfance J,1281,Jeux de société,🎲,165 €,4007155837,1275631343,image_1275631343_product_4007155837
Enfants Cartoon Alliage Éducatif Friction Simulation Inertie Toy Model,1281,Jeux de société,🎲,81 €,4006527477,1275674136,image_1275674136_product_4006527477
Cone-Surprise Minions [701602] - Archives,1281,Jeux de société,🎲,168 €,3818885450,1249177019,image_1249177019_product_3818885450
Énergie Solaire Mobile Souris Jouet Pour Enfants Énergie Solaire Scien,1281,Jeux de société,🎲,134 €,4006495445,1275568098,image_1275568098_product_4006495445
Asmodee Gang Of Four,1281,Jeux de société,🎲,160 €,259581159,1318384729,image_1318384729_product_259581159
Jeton Star Wars Leclerc 2015 Jabba The Hutt N°27,1281,Jeux de société,🎲,55 €,2610793239,1153381578,image_1153381578_product_2610793239
Maison De Poupée En Bois 3d Diy Furniture Modèle Miniature Cadeaux De ,1281,Jeux de société,🎲,44 €,4213276883,1317485110,image_1317485110_product_4213276883
Kuna Yala Jeu De Stratégie Djeco,1281,Jeux de société,🎲,100 €,3610783225,1228163814,image_1228163814_product_3610783225
Domino : Hello Kitty : Domino Des Joyeux Animaux,1281,Jeux de société,🎲,200 €,122685330,884183484,image_884183484_product_122685330
Applism Appwheel (A Les Applications De Roues Prisme) (Japan Import),1281,Jeux de société,🎲,46 €,294348369,989191022,image_989191022_product_294348369
Asmodee Disney - Pictopia,1281,Jeux de société,🎲,143 €,778924971,1318159265,image_1318159265_product_778924971
Enfants Lovley Animaux Finger Castagnettes Musical Instrument En Bois ,1281,Jeux de société,🎲,140 €,4006494716,1275554464,image_1275554464_product_4006494716
280ml Bricolage Dégradé De Couleur Moussant Clay Avec Shell Accessoire,1281,Jeux de société,🎲,5 €,4213277025,1317493437,image_1317493437_product_4213277025
Bébé Enfants Son Hochets Main Cloche Anneau De Bell Jouets Cartoon Ani,1281,Jeux de société,🎲,158 €,4006495234,1275565361,image_1275565361_product_4006495234
Creative Mini Valise Jouet Pour 23.5 Pouces Bjd Fille Poupée De Mode C,1281,Jeux de société,🎲,87 €,4006518879,1275669618,image_1275669618_product_4006518879
Poochie Et Le Code De La Route Dominos Volumetrix,1281,Jeux de société,🎲,130 €,295183805,988577947,image_988577947_product_295183805
Haba  4928  - Numã©Ro Jeu Dino,1281,Jeux de société,🎲,9 €,932859010,1047806929,image_1047806929_product_932859010
Jeu Divinatoire :Cartes Divinatoires : Les Portes De L'avenir,1281,Jeux de société,🎲,33 €,3702251367,1236308221,image_1236308221_product_3702251367
Dominos En Bois Animaux Marins,1281,Jeux de société,🎲,97 €,202256802,957247309,image_957247309_product_202256802
7 Dés Q-Workshop Elvish Vert / Blanc,1281,Jeux de société,🎲,83 €,2628062962,1154828180,image_1154828180_product_2628062962
X12 480p Caméra Wifi Fpv Drone Altitude Attente Rc Quadcopter Avec Deu,1300,Modélisme & drones,🚁,66 €,4058944639,1282773879,image_1282773879_product_4058944639
Jouets Et Loisirs Éducation De Noël Gpm Racing Aluminum 2pcs Front Bra,1300,Modélisme & drones,🚁,19 €,4176107789,1308390397,image_1308390397_product_4176107789
2.4g Gravity Smart Sensor Mini Montres Télécommande Toy Car Racing Toy,1300,Modélisme & drones,🚁,66 €,4012179499,1276226151,image_1276226151_product_4012179499
Drone Walkera Qr-X350 Pro Type Phantom-Walkera,1300,Modélisme & drones,🚁,150 €,1355898327,1076164180,image_1076164180_product_1355898327
Promocar - 1/43 - Renault - R8 Gordini Coupe - 1968 - G1141053-Promoca,1300,Modélisme & drones,🚁,25 €,1507617196,1086060374,image_1086060374_product_1507617196
2pcs 11.1v 2000mah Batterie Au Lithium Pour Feilun Ft012 Télécommande ,1300,Modélisme & drones,🚁,26 €,4078699925,1287515748,image_1287515748_product_4078699925
Sg800 Mini Pliable 2.4ghz Rc Quadcopter Pocket Hélicoptère Drone Altit,1300,Modélisme & drones,🚁,192 €,4181950331,1310034769,image_1310034769_product_4181950331
Pnj | Casque Vidéo Lcd G-Sky 100 Pour Vol En Immersion-Pnj,1300,Modélisme & drones,🚁,129 €,2661105789,1209952794,image_1209952794_product_2661105789
Maquette Voiture De Course : Jaguar Xkrgt : Starter Set : 1:32-Airfix,1300,Modélisme & drones,🚁,22 €,462323462,1012946136,image_1012946136_product_462323462
Truescale Miniatures - 1/43 - Ford Gt Gtlm - Winner 24h Daytona 2018 -,1300,Modélisme & drones,🚁,199 €,4113767078,1292770403,image_1292770403_product_4113767078
Mercedes 180 D Taxi Lisboa Portugal 1960-Altaya,1300,Modélisme & drones,🚁,141 €,3921811467,1264343347,image_1264343347_product_3921811467
Buyiesky®Mont Extender Droite Bras Extension Accessoires Pour Caméra D,1300,Modélisme & drones,🚁,37 €,3842783853,1251476503,image_1251476503_product_3842783853
3830mah Batterie De Vol Intelligente Pour Dji Pro Quadcopter Drone Mav,1300,Modélisme & drones,🚁,37 €,3607249235,1227155919,image_1227155919_product_3607249235
Maquette D'avion Cx - 95w Rc Quadcopter Rtf Wifi Fpv 0.3mp Camera 2.4g,1300,Modélisme & drones,🚁,173 €,4160811622,1304040700,image_1304040700_product_4160811622
Mini Px4 Flight Controller Board Gps For Rc Quadcopter Multi-Axis Dron,1300,Modélisme & drones,🚁,126 €,3925039002,1265166915,image_1265166915_product_3925039002
Extension Rod Holder Support Trépied Portable Pour Gimbal Dji Osmo Mob,1300,Modélisme & drones,🚁,145 €,4181955176,1310056157,image_1310056157_product_4181955176
Moakoada®Porte-Caméra À L'épaule Boucle Spéciale Hanging Epaule Dji Ro,1300,Modélisme & drones,🚁,47 €,3893199455,1260356613,image_1260356613_product_3893199455
Rc Upgrade Metal Parts Lien Set Pour Wpl Op Diy Rotule Montage Rod Noi,1300,Modélisme & drones,🚁,72 €,4012861137,1276341617,image_1276341617_product_4012861137
Portable Étanche Boîte Dur Sac À Main Carry Case Valise Pour Dji Mavic,1300,Modélisme & drones,🚁,140 €,3727585111,1238292530,image_1238292530_product_3727585111
Maquette D'avion 4pcs Abs Propellers Accessory For Hr Sh5hd Rc Quadcop,1300,Modélisme & drones,🚁,160 €,4172828800,1307834831,image_1307834831_product_4172828800
Mitsubishi I-Miev 2010 Embassy Car Voiture 1/43 Japan Jc264-Ixo,1300,Modélisme & drones,🚁,113 €,2406557996,1140309853,image_1140309853_product_2406557996
2020 2x Rc Part 7.4v 1200mah Batterie Pour Wltoys Va949 A959 A969 A979,1300,Modélisme & drones,🚁,59 €,4057540289,1282519622,image_1282519622_product_4057540289
Solido 1/43 Peugeot 203 Commerciale Avec Boite-Solido,1300,Modélisme & drones,🚁,143 €,200777452,938593241,image_938593241_product_200777452
Austar Ax6s 2.4g Émetteur Radio Télécommande Avec Récepteur Pour Rc Vo,1300,Modélisme & drones,🚁,198 €,4017677426,1285861567,image_1285861567_product_4017677426
Maquette D'avion 2.4g Wifi Fpv Rugby Uav Rc Drone Quadcopter With 720p,1300,Modélisme & drones,🚁,191 €,4160808122,1304022380,image_1304022380_product_4160808122
2020 1/12 Échelle À Grande Vitesse 42 Kmh 2.4ghz 4 Roues Motrices Radi,1300,Modélisme & drones,🚁,181 €,4057547578,1282562329,image_1282562329_product_4057547578
Maquette D'avion 11.4v 1000mah Battery For Jjr/C X9/ C-Fly Dream Rc Qu,1300,Modélisme & drones,🚁,56 €,4172823903,1307774165,image_1307774165_product_4172823903
Lst-S2 800tvl Cmos 25mw 40ch Ntsc / Pal Switchable Fpv Émetteur De La ,1300,Modélisme & drones,🚁,187 €,3879888774,1257224180,image_1257224180_product_3879888774
2pcs 7.6v 710mah Batterie Au Lithium Pour Les Pièces De Rechange De Hu,1300,Modélisme & drones,🚁,84 €,4187123233,1311430800,image_1311430800_product_4187123233
2pcs Moteur Brushless Pour Mjx B6 B6f B6fd B8 Bugs 6 Bugs 8 Drone Acce,1300,Modélisme & drones,🚁,107 €,4042484294,1280123402,image_1280123402_product_4042484294
Basket-Ball Pliable Drone 720p 2.4ghz Wifi Fpv G-Sensor Rc Pocket Dron,1300,Modélisme & drones,🚁,176 €,3881469950,1257490463,image_1257490463_product_3881469950
2020 Mini 750mm Rapide Fois L'atterrissage Tablier Pad Dji Air Mavic /,1300,Modélisme & drones,🚁,171 €,4057545114,1282544117,image_1282544117_product_4057545114
Pièces De Rechange Module Gps Pour C-Fly Smart / Jjrc X7 Rc Quadcopter,1300,Modélisme & drones,🚁,100 €,4150998982,1301553340,image_1301553340_product_4150998982
1/10 360 Degrés Voiture De Cascade De Dérive Électrique Rotative Rc4wd,1300,Modélisme & drones,🚁,117 €,4172911455,1307847256,image_1307847256_product_4172911455
Voie Courbe Märklin 8531 Voie Z Märklin Miniclub 10 Pièce-Märklin,1300,Modélisme & drones,🚁,137 €,3513759596,1224814444,image_1224814444_product_3513759596
7cm Mini Drone 0.3mp Wifi Aititude Rc Toy Helicopter Tenir Pliable Sel,1300,Modélisme & drones,🚁,120 €,4074700949,1286906564,image_1286906564_product_4074700949
Udi901 Haute Vitesse Rc Boat 24 Ghz 4 Canaux Racing Bateau Remote Cont,1300,Modélisme & drones,🚁,35 €,3879893642,1257240345,image_1257240345_product_3879893642
Honda Civic Sir Eg9 1992 V-Tech Blue Metal Ixo Moc177 1/43 Blau Bleu B,1300,Modélisme & drones,🚁,68 €,1831066923,1104357133,image_1104357133_product_1831066923
3 In1usb Charge De La Batterie À Distance Port De Contrôle Charg Voitu,1300,Modélisme & drones,🚁,62 €,3951005076,1268414184,image_1268414184_product_3951005076
3d Imprimé Atterrissage Skid Prise En Charge Étendue De Protection Pou,1300,Modélisme & drones,🚁,21 €,3708918320,1236508635,image_1236508635_product_3708918320
Camion Mack Knorr      Ho     1/87-Gabotex,1300,Modélisme & drones,🚁,91 €,1746920249,1101062361,image_1101062361_product_1746920249
Bl3650 3900kv Moteur Sans Balai + 60a Brushless + Carte Programme Comb,1300,Modélisme & drones,🚁,10 €,4079436923,1287842560,image_1287842560_product_4079436923
Modèle De Voiture166017 Upgrade Parts Blue Aluminum Servo Linkage For ,1300,Modélisme & drones,🚁,155 €,4165065789,1305340470,image_1305340470_product_4165065789
Iflight Ix5 V3 5 Pouces 210mm X Forme Fpv Cadre En Fibre De Carbone Po,1300,Modélisme & drones,🚁,146 €,4150986948,1301488640,image_1301488640_product_4150986948
Lf608 Rc Drone Avec Caméra Hd Wifi Fpv Altitude Tenir Un Atterrissage ,1300,Modélisme & drones,🚁,63 €,4074712463,1287032812,image_1287032812_product_4074712463
1/10 Rc Elastic Luggage Net Vehicles Crawler Accessory For Rc4wd Axial,1300,Modélisme & drones,🚁,155 €,4050748171,1281993409,image_1281993409_product_4050748171
Wltoys A18429 540 Upgraded Brosse Moteur À Haute Vitesse 40 Kmh 01h18 ,1300,Modélisme & drones,🚁,61 €,4182106994,1310764278,image_1310764278_product_4182106994
American Diorama - 1/18 - Figurines - Wwii Usa Military Police 1 With ,1300,Modélisme & drones,🚁,6 €,1746901470,1100999004,image_1100999004_product_1746901470
1/20 Maschinen Krieger Series Antigravity Armored Fighter Pkf.85 Falke,1300,Modélisme & drones,🚁,23 €,3894179351,1260712840,image_1260712840_product_3894179351
Call Of Duty Mq-27 Stunt Drone-Dji,1300,Modélisme & drones,🚁,186 €,1785786180,1138823071,image_1138823071_product_1785786180
Miniature Lamborghini As St Etienne-Majorette,1300,Modélisme & drones,🚁,166 €,2132363247,1128002623,image_1128002623_product_2132363247
Modèle Réduit De Voiture Particulière Volkswagen Schuco 450037600 Ho-S,1300,Modélisme & drones,🚁,20 €,3513756332,1262958660,image_1262958660_product_3513756332
Sjrc F11 Pro Gps 5g Wifi Fpv 2k Caméra Hd Pliable Brushless Rc Drone Q,1300,Modélisme & drones,🚁,63 €,4042587971,1280000483,image_1280000483_product_4042587971
Aéronefs Diy Quadcopter Contrôle À Distance Par Gravité Sensing 4 Axe ,1300,Modélisme & drones,🚁,22 €,4013271927,1276427237,image_1276427237_product_4013271927
Mise À Niveau Des Pièces Plaque De Protection Du Châssis Avant En Alum,1300,Modélisme & drones,🚁,13 €,4181945633,1309977868,image_1309977868_product_4181945633
Poi_Étanche Carry Portable Storage Case Sac À Dos Sac À Bandoulière Po,1300,Modélisme & drones,🚁,89 €,4041456231,1279755865,image_1279755865_product_4041456231
Wpl 4 Roues Motrices 6wd Rc Voiture Crawle Boîte Métal Spécial Raccord,1300,Modélisme & drones,🚁,23 €,3727588077,1238298953,image_1238298953_product_3727588077
Mjx X400-V2 2.4g Rc Quadcopter Drone Hélicoptère Wh B4077-Générique,1300,Modélisme & drones,🚁,136 €,4017684879,1285872358,image_1285872358_product_4017684879
Motore Classic Balai Sensorless 2845 3100kv + 35a Brushless Sensorless,1300,Modélisme & drones,🚁,65 €,3607250846,1227163371,image_1227163371_product_3607250846
Table De Air Hockey Avec Accessoires,1301,Mode enfant,👕,76 €,57724913,696858194,image_696858194_product_57724913
Optix Twin Pack transparent pour jeux de fléchettes-Harrows,1301,Mode enfant,👕,176 €,2073691163,1124206781,image_1124206781_product_2073691163
Billard Nicolas Luxe 4 Joueurs-Stella,1301,Mode enfant,👕,129 €,4102123035,1308121039,image_1308121039_product_4102123035
5 paires Bébé Garçons Filles Hairball Tricot Coton Enfant Enfants Enfa,1301,Mode enfant,👕,59 €,3898719531,1261392280,image_1261392280_product_3898719531
Pirates of the oceans-Lexibook,1301,Mode enfant,👕,143 €,3897695801,1261206446,image_1261206446_product_3897695801
5 paires Enfants bébé Cozy étage Slipper Socks Bottom Résistant au gli,1301,Mode enfant,👕,38 €,3898715640,1261366416,image_1261366416_product_3898715640
Nouveau-né Bébé Garçons Filles yeux Cartoon Chaussettes Sol anti-dérap,1301,Mode enfant,👕,190 €,3898729401,1261428822,image_1261428822_product_3898729401
XQ Max Ensemble Bordure de protection cible et fléchettes 23 grammes-X,1301,Mode enfant,👕,151 €,2079427867,1124583782,image_1124583782_product_2079427867
Craies Billard Master Gold-Longoni,1301,Mode enfant,👕,152 €,141191162,893309581,image_893309581_product_141191162
Enfants bébé tout-petits garçons Bébés filles Cartoon Animaux Anti-Sli,1301,Mode enfant,👕,126 €,3898724517,1261416226,image_1261416226_product_3898724517
Bague De Roulement En Acier Inoxydable Pour Améliorer La Bague Aiguill,1302,Plein air & accessoires,🏕️,67 €,3893242826,1260334665,image_1260334665_product_3893242826
Sonde Shiny Head-Mounted Glare Rechargeable Phare 2t6 Extérieur Campin,1302,Plein air & accessoires,🏕️,126 €,4234147758,1323695436,image_1323695436_product_4234147758
Shaper Jambe Cuisse Soutiers Calories Off Chaud Svelte Minceur Stream,1302,Plein air & accessoires,🏕️,109 €,4235890060,1324042886,image_1324042886_product_4235890060
Ballon De Plage Le Cochon Qui Rit,1302,Plein air & accessoires,🏕️,53 €,1901954206,1111013544,image_1111013544_product_1901954206
La Hausse Lente Squishies Bande Dessinée Adorable Animal Crème Parfumé,1302,Plein air & accessoires,🏕️,29 €,4010220677,1275983942,image_1275983942_product_4010220677
Cast Extérieur Fer Camping Tente Voyage Neige Au Sol Auvent Pegs Pieu ,1302,Plein air & accessoires,🏕️,29 €,4231691417,1323286827,image_1323286827_product_4231691417
Kawaii Squishies Cartoon Dinosaur Rising Lente Crème Parfumée Stress R,1302,Plein air & accessoires,🏕️,173 €,4010223991,1276020267,image_1276020267_product_4010223991
Aire De Jeux Rainbow Fortress Tip - Toboggan Jaune,1302,Plein air & accessoires,🏕️,115 €,3810740104,1267220382,image_1267220382_product_3810740104
Trampoline Berg Grand Champion Inground 520 Vert,1302,Plein air & accessoires,🏕️,95 €,3789059398,1245135500,image_1245135500_product_3789059398
Yoga Pilates Exercice Gym Dyna Aérobic Fitness Entraînement Extensible,1302,Plein air & accessoires,🏕️,113 €,4235886224,1323991832,image_1323991832_product_4235886224
Corde Pour Portique De 190 - 235 M,1302,Plein air & accessoires,🏕️,110 €,726585616,1237460653,image_1237460653_product_726585616
Super Bright 3 Modes Xpe Q5 Led 18650 Lampe Torche Stream,1302,Plein air & accessoires,🏕️,124 €,4236041689,1324067493,image_1324067493_product_4236041689
Hudora 76051 Set De 6 Volants De Badminton,1302,Plein air & accessoires,🏕️,191 €,261235562,971050807,image_971050807_product_261235562
1pcs Plastique Appât Wobblers Minnow Lure Pêche Leurre Basse Crankbait,1302,Plein air & accessoires,🏕️,18 €,3893244628,1260365902,image_1260365902_product_3893244628
Poignée Design Impression Numérique 3d Full Polyester Tissu Oxford Pic,1302,Plein air & accessoires,🏕️,177 €,4231695794,1323297914,image_1323297914_product_4231695794
Entraînement Tactique Lampe De Poche Trustfire G07 Sécurité Tactique P,1302,Plein air & accessoires,🏕️,172 €,4236042725,1324142598,image_1324142598_product_4236042725
Pistolet À Eau 27.5cm - Pression Atmosphérique - Couleur Aléatoire,1302,Plein air & accessoires,🏕️,170 €,1344049465,1075068246,image_1075068246_product_1344049465
Nouvelle Lampe Led Profonde Goutte Sous-Marine Forme Des Yeux Pêche Po,1302,Plein air & accessoires,🏕️,30 €,4240466248,1325141468,image_1325141468_product_4240466248
Trampoline Rond Avec Filet De Sécurité Et Coussin De Protection Inclus,1302,Plein air & accessoires,🏕️,20 €,1852846292,1105540319,image_1105540319_product_1852846292
Patch Products Flying Kung Fu Frogs Flying Discs,1302,Plein air & accessoires,🏕️,108 €,3287293386,1204253019,image_1204253019_product_3287293386
Phares Rechargeables Fortes Lampes À Led De Pêche Imperméables À L'eau,1302,Plein air & accessoires,🏕️,191 €,4234147787,1323696489,image_1323696489_product_4234147787
Hot Noël Snowma Pain Rising Lente Parfumée Stress Toy Key Soulager Pen,1302,Plein air & accessoires,🏕️,91 €,4010225705,1276073278,image_1276073278_product_4010225705
Soins Médicaux D'urgence Tourniquet Extérieur Durable Combat Outil D'a,1302,Plein air & accessoires,🏕️,32 €,4231688201,1323266657,image_1323266657_product_4231688201
Stress Spongieuse Dolphin Perle Boule Jouet Squeezable Stress Jouet St,1302,Plein air & accessoires,🏕️,68 €,4010224188,1276022926,image_1276022926_product_4010224188
Patinette 3 Roues Peppa Pig Cadre Metal - Trottinette 2 Ans 1/2 - Joue,1302,Plein air & accessoires,🏕️,54 €,3950607291,1268391343,image_1268391343_product_3950607291
Squishies Toy Kawaii Toy Adorable Cattle Lente Hausse Crème Parfumée S,1302,Plein air & accessoires,🏕️,53 €,4010224021,1276021067,image_1276021067_product_4010224021
Hommes D'hiver Gants Chauds Gants Imperméables Gants D'hiver Écran Tac,1302,Plein air & accessoires,🏕️,142 €,4231696998,1323322323,image_1323322323_product_4231696998
Tongs Justice League 554 (Taille 33),1302,Plein air & accessoires,🏕️,119 €,3075343282,1188953532,image_1188953532_product_3075343282
John - 50750 -Ballon Foot Mousse 20 Cm (Livré À L&#39;Unité Coloris Al,1302,Plein air & accessoires,🏕️,40 €,873621412,1046023967,image_1046023967_product_873621412
Cordon D'alimentation Secteur Câble Chargeur Prise Boîte De Rangement ,1320,Puériculture,🍼,113 €,4153122099,1301815980,image_1301815980_product_4153122099
Philips Avent Scf883/01 Robot-Cuiseur Mixeur,1320,Puériculture,🍼,51 €,3249179044,1201882536,image_1201882536_product_3249179044
Playshoes Leggings Lang Jeans-Optik (410103_900) Original86,1320,Puériculture,🍼,76 €,1832988823,1113102391,image_1113102391_product_1832988823
Toilette Bébé Enfant Petit Pot Siège Escabeau Échelle Chaise De Format,1320,Puériculture,🍼,123 €,4114275640,1292874670,image_1292874670_product_4114275640
Magideal Lange Nouveau-Né Couverture D?Emmaillotage Sac De Couchage Co,1320,Puériculture,🍼,68 €,4152162273,1308433151,image_1308433151_product_4152162273
2pcs Mode Femmes Weave Chaîne Bois Sac Bandoulière Imperméable Sac À B,1320,Puériculture,🍼,24 €,4079555299,1288071460,image_1288071460_product_4079555299
Jojo Maman Bébé - A7727priu- Lettre U En Bois - Couleur Primaire,1320,Puériculture,🍼,118 €,304796694,996082037,image_996082037_product_304796694
Siège Auto Cybex Pallas M Sl 9 36 Kg - Groupe 1 2 3 - Rumba Red Rouge ,1320,Puériculture,🍼,145 €,3271967867,1203228486,image_1203228486_product_3271967867
Heimess 734230 - Hochet Arc-En-Ciel Ii,1320,Puériculture,🍼,30 €,288224525,983901964,image_983901964_product_288224525
Pockit Travel Bag/Black-Black Pu4,1320,Puériculture,🍼,17 €,4246366563,1326870526,image_1326870526_product_4246366563
Sac À Main Mode Féminine Grand Sac À Main Sac À Main Grand Capacityg B,1320,Puériculture,🍼,171 €,4061479430,1283514534,image_1283514534_product_4061479430
Roommates Sticker Mural Motif Chiens Astronautes,1320,Puériculture,🍼,143 €,304789633,996077130,image_996077130_product_304789633
Tots By Smart Rike 250-105matelas À Langer Joy Hippo Avec Extra Housse,1320,Puériculture,🍼,8 €,3002934551,1181444423,image_1181444423_product_3002934551
Combinaison Animaux Pour Bebe Et Enfant,1320,Puériculture,🍼,28 €,3973948375,1271683684,image_1271683684_product_3973948375
Room Studio Soy Luna - Pouf Cube De Rangement,1320,Puériculture,🍼,197 €,2479964483,1146391948,image_1146391948_product_2479964483
Câlin Câline - 306.30 - Tapis De Jeu - Antoine - Chocolat Et Beige,1320,Puériculture,🍼,65 €,304799595,996083889,image_996083889_product_304799595
Barrière Sécurité Enfant Extensible,1320,Puériculture,🍼,47 €,4134764122,1298324394,image_1298324394_product_4134764122
Couches Fixies 3 Midi 4a9kg,1320,Puériculture,🍼,109 €,2618437952,1153385201,image_1153385201_product_2618437952
Etagère De Rangement Avec Bacs En Bois Bleu Enfant Fille Rose Td-12245,1320,Puériculture,🍼,129 €,3867495512,1255021360,image_1255021360_product_3867495512
Verre Night Lights Diffuseurs 7 Humidificateur Couleur Led À Couleurs ,1320,Puériculture,🍼,128 €,3879365624,1257152692,image_1257152692_product_3879365624
Contraste Extérieur Simple Leathe Zipper Femmes De La Mode Couleur Sac,1320,Puériculture,🍼,59 €,4061476541,1283471466,image_1283471466_product_4061476541
Babybay Himmel Für Alle Modelle Pique Band Taupe Sterne Weiß,1320,Puériculture,🍼,107 €,1832994874,1233288834,image_1233288834_product_1832994874
Taf Toys Grand Tapis D'activités I Love 150 X 110 Cm 12175,1320,Puériculture,🍼,20 €,3314026258,1225520404,image_1225520404_product_3314026258
Passeggino Plus Seaside Blue,1320,Puériculture,🍼,47 €,4225204211,1320595830,image_1320595830_product_4225204211
Me Luna Coupe Menstruelle Classic Boule Violet Taille S,1320,Puériculture,🍼,102 €,3128688749,1192479010,image_1192479010_product_3128688749
Candide Baby Pad Air+ - Matelas Universel Respirant,1320,Puériculture,🍼,5 €,2053476854,1123391131,image_1123391131_product_2053476854
Mug Leman + Boîte Cadeau Mamie - Derrière La Porte,1320,Puériculture,🍼,104 €,4155733356,1307884544,image_1307884544_product_4155733356
Table A Manger Et De Cuisine 270 X 90 Cm Chaises Et Banc Blanc A Plate,1320,Puériculture,🍼,72 €,4106830723,1292992786,image_1292992786_product_4106830723
"Puzzles En Bois  ""Jouets""",1320,Puériculture,🍼,121 €,94497050,859394630,image_859394630_product_94497050
Sac De Poitrine De Charge Couple Sac Voyage Sac De Mode Multi-Fonction,1320,Puériculture,🍼,78 €,4079554171,1288017368,image_1288017368_product_4079554171
Hauck Sleep'n Play Go Plus (60x120 Cm) Inclusive Roues Multicolor Noir,1320,Puériculture,🍼,113 €,404375439,1061586662,image_1061586662_product_404375439
Avent - Doseur De Lait En Poudre Rose,1320,Puériculture,🍼,183 €,383127511,1002633284,image_1002633284_product_383127511
Bright Starts Balancelle Compacte Toucan Tango,1320,Puériculture,🍼,192 €,2033308019,1121209127,image_1121209127_product_2033308019
Sac À Dos Rayé Patchwork Femmes Sacs À Dos De Grande Capacité De Voyag,1320,Puériculture,🍼,147 €,4079553571,1287962465,image_1287962465_product_4079553571
Wesco 380 411-23 Poubelle Écologique 2 X 10l Amande,1320,Puériculture,🍼,174 €,2980671635,1178081183,image_1178081183_product_2980671635
Femmes Mode Toile Patchwork Porte-Monnaie Sac À Main Épaule Fourre-Tou,1320,Puériculture,🍼,188 €,4079553290,1287928965,image_1287928965_product_4079553290
Lot De 3 Petits Langes En Mousseline De Coton Pacific Paradise - Aden+,1320,Puériculture,🍼,129 €,4029127976,1278033195,image_1278033195_product_4029127976
Cale Bebe Jj Ovce,1320,Puériculture,🍼,44 €,4048730102,1281927140,image_1281927140_product_4048730102
Chambre Paillasson En Forme De Coeur Tapis Fluffy Tapis Chenille Couss,1560,Maison & rangement,🧺,53 €,4197486437,1313030973,image_1313030973_product_4197486437
Bahut À 3 Portes Coloris Noir Laqué Avec Led P-10697-Co Galaxya,1560,Maison & rangement,🧺,80 €,4030630796,1278214746,image_1278214746_product_4030630796
Wear-Resisting Cross Suitcase Packed Reinforcing Tape Packing Tape Blu,1560,Maison & rangement,🧺,60 €,4057763679,1282817505,image_1282817505_product_4057763679
Meuble Entrée Moderne Blanc Couleur Bois Clair Matera 2,1560,Maison & rangement,🧺,19 €,3641714850,1230794711,image_1230794711_product_3641714850
Tooth Box Organizer For Baby Milk Teeth Save Wood Storage Box For Kids,1560,Maison & rangement,🧺,153 €,4057766465,1282865384,image_1282865384_product_4057766465
Table De Jardin Anthracite 210x96x72 Cm Plastique,1560,Maison & rangement,🧺,193 €,3931446849,1265503423,image_1265503423_product_3931446849
Clp Tabouret De Bar Freeport Similicuir I Piètement En Métal Et Repose,1560,Maison & rangement,🧺,143 €,2772685053,1178445104,image_1178445104_product_2772685053
Olympe Matelas Odyssée Confort 90x200cm 24 Cm Soutien Ferme,1560,Maison & rangement,🧺,20 €,3616175132,1228290376,image_1228290376_product_3616175132
Matelas Essenzia Zen Classic Ressorts 70x190 Ressorts,1560,Maison & rangement,🧺,196 €,3256734485,1237102250,image_1237102250_product_3256734485
Neuf Extensions De Cheveux De 24 Pouces Avec 8 Pieces Charmant,1560,Maison & rangement,🧺,85 €,3324450878,1206414049,image_1206414049_product_3324450878
Matelas Essenzia Aero Spring 1200 Soft 140x190 Ressorts,1560,Maison & rangement,🧺,19 €,3707716347,1237105427,image_1237105427_product_3707716347
Bol Fourchette Napperon Tapis Décoration Accueil Fête De Noël Pvc Tabl,1560,Maison & rangement,🧺,17 €,4182276611,1310784826,image_1310784826_product_4182276611
Table Ronde En Merisier Massif,1560,Maison & rangement,🧺,154 €,1973182494,1117411600,image_1117411600_product_1973182494
Ice Cream 8 Makers Trou Moule En Silicone Diy Ice Cube Dessert Plateau,1560,Maison & rangement,🧺,127 €,4151266491,1301608565,image_1301608565_product_4151266491
Creative Plastique Coupes De Fruits Au Lait De Coco Coupes De Boissons,1560,Maison & rangement,🧺,133 €,4151251062,1301341250,image_1301341250_product_4151251062
6 Pcs Garment Bag Breathable Material Protection Storage For Suits And,1560,Maison & rangement,🧺,140 €,4057523451,1282802878,image_1282802878_product_4057523451
Bout De Canapé Sellette Petite Table Basse Gigogne Console D'appoint G,1560,Maison & rangement,🧺,45 €,3202502799,1196954679,image_1196954679_product_3202502799
Neuf Papier Peint Scintillant Brillant De Papier Peint De Mur Papier P,1560,Maison & rangement,🧺,19 €,3324451565,1206414416,image_1206414416_product_3324451565
Meuble Tv Blanc Design En Panneaux De Particules En Finitions Laquées ,1560,Maison & rangement,🧺,135 €,3838156871,1251227151,image_1251227151_product_3838156871
Commode Moderne Avec 3 Tiroirs Coloris Blanc P-18138-Co C-Toini,1560,Maison & rangement,🧺,25 €,4026087361,1277772638,image_1277772638_product_4026087361
Table De Bar D'extérieur Pin Imprégné Fsc 75x75x110 Cm,1560,Maison & rangement,🧺,52 €,3942385957,1267329928,image_1267329928_product_3942385957
4pcs Antiderapant Toilettes Polyester Couverture Mat Set De Bain Ridea,1560,Maison & rangement,🧺,22 €,4058568817,1282731873,image_1282731873_product_4058568817
Table Basse Relevable Wengé Contemporaine Winona,1560,Maison & rangement,🧺,157 €,3737632085,1239404190,image_1239404190_product_3737632085
10 Pliables Grids Bijoux Perles Réglables Pills Nail Art Conseils Boît,1560,Maison & rangement,🧺,22 €,4168874588,1306604990,image_1306604990_product_4168874588
Confort Égyptien 1800 Count Profonde Pocket 4 Pièces Draps Set - 12 Co,1560,Maison & rangement,🧺,177 €,3992471706,1273021732,image_1273021732_product_3992471706
Veille De Noël Coffret Cadeau De Noël Boîtes D'emballage Présent Ruban,1560,Maison & rangement,🧺,65 €,3874388861,1256514449,image_1256514449_product_3874388861
Vêtements Blanchisserie Panier Panier Toile Imperméable De Rangement B,1560,Maison & rangement,🧺,108 €,3854409293,1252996592,image_1252996592_product_3854409293
Lapin De Pâques Silicone Oeufs Moule De Savon Gâteau Au Chocolat Cuiss,1560,Maison & rangement,🧺,35 €,4182255406,1310563689,image_1310563689_product_4182255406
Chaise De Bureau / Chaise Bureau Startec Yu 100 Tissu Maille / Tissu N,1560,Maison & rangement,🧺,150 €,3565213305,1221618456,image_1221618456_product_3565213305
Set De 2 Tables D'appoint Circus,1560,Maison & rangement,🧺,68 €,3613000609,1227741190,image_1227741190_product_3613000609
Canapé D'angle Convertible Taupe Et Blanc Eduardo,1560,Maison & rangement,🧺,153 €,4027522812,1277918228,image_1277918228_product_4027522812
25pc Laser Cut Out Creux Bonbonnière Rouge Fournitures De Cuisine 210,1560,Maison & rangement,🧺,157 €,4182215130,1310045264,image_1310045264_product_4182215130
Kids Stuffed Animal Plush Toy Storage Bean Bag Soft Pouch Stripe Fabri,1560,Maison & rangement,🧺,15 €,4057767309,1282904021,image_1282904021_product_4057767309
"Lot De 3 Poufs Bidon ""District 9"" - Fer",1560,Maison & rangement,🧺,163 €,4149768090,1300922845,image_1300922845_product_4149768090
Hot Mignon De Tournesol Dentelle Poussière Réutilisable En Silicone Co,1560,Maison & rangement,🧺,25 €,4151249894,1301306937,image_1301306937_product_4151249894
Canapé D'angle Convertible 4 Places Avec Coffre De Rangement En Pu Bic,1560,Maison & rangement,🧺,112 €,4027522411,1277918037,image_1277918037_product_4027522411
Résistant À La Chaleur Flexible En Silicone Spatules Gâteau Grattage C,1560,Maison & rangement,🧺,173 €,4182236006,1310335760,image_1310335760_product_4182236006
Longue Poignée Souple Suspendu Soies Retour Corps Bain Douche Scrubber,1560,Maison & rangement,🧺,154 €,4179410634,1309064626,image_1309064626_product_4179410634
Dunlopillo - Ensemble Matelas Mémoire De Forme Mirage + Sommier Tapiss,1560,Maison & rangement,🧺,149 €,1783738989,1101786925,image_1101786925_product_1783738989
Waterproof Luxury Home Spa Bath Oreiller Non-Slip Coussin Confort Bain,1560,Maison & rangement,🧺,138 €,4170895042,1307483403,image_1307483403_product_4170895042
Créative Tryitgo Expressions Motif Salle Orange De Bains Étanche Papie,1560,Maison & rangement,🧺,85 €,3873653398,1256366055,image_1256366055_product_3873653398
Doauhao®Épais Double Couche De Stockage Panier Débris De Rangement Pli,1560,Maison & rangement,🧺,71 €,4023549365,1277604054,image_1277604054_product_4023549365
Matelas 23 Cm 80x200 Ferme Mémoire De Forme + Poli Lattex - Spécial So,1560,Maison & rangement,🧺,57 €,4108911010,1292419397,image_1292419397_product_4108911010
Tabouret Mouton Enfant Bois Moumoutte Atmosphera,1560,Maison & rangement,🧺,176 €,3817192621,1248667417,image_1248667417_product_3817192621
Poussette Ventilateur Portable Bébé Mini-Clip De Sécurité Sur Poussett,1560,Maison & rangement,🧺,188 €,4216251221,1318653157,image_1318653157_product_4216251221
Commode 6 Tiroirs 151x50x77cm Coloris Blanc,1560,Maison & rangement,🧺,85 €,4081450536,1288373541,image_1288373541_product_4081450536
Bébé Pliable Bébé Bain De Bébé Assistés Soutien Coussin Tapis De Bain ,1560,Maison & rangement,🧺,66 €,4179411100,1309065617,image_1309065617_product_4179411100
Armoire De Bureau 90x40x140 Cm Acier Gris,1560,Maison & rangement,🧺,72 €,3942375522,1267211720,image_1267211720_product_3942375522
Baldiflex Matelas 170x195 Cm Easy Water Latex Revêtement Coton Orthopé,1560,Maison & rangement,🧺,106 €,2354899394,1137826709,image_1137826709_product_2354899394
Wall Mount Hook Rack Stainless Steel Coat Rack Coat Hooks With 6 Hange,1560,Maison & rangement,🧺,38 €,4057769741,1282949487,image_1282949487_product_4057769741
Jetables En Plastique Transparent Sauce Chutney Tasses Boîtes Avec Cou,1560,Maison & rangement,🧺,176 €,3297107104,1204744211,image_1204744211_product_3297107104
Canapé Scandinave 3 Places Tissu Gris Viky,1560,Maison & rangement,🧺,170 €,4213294808,1317471330,image_1317471330_product_4213294808
Links 51066450 Beckett A2 Bureau Bois Blanc/Bleu,1560,Maison & rangement,🧺,81 €,3128675376,1192473830,image_1192473830_product_3128675376
G2000 Noir-Orange Gamer Gasque Avec Microphone Avec Led Light,1560,Maison & rangement,🧺,122 €,3505546369,1218137615,image_1218137615_product_3505546369
Matelas Crown Bedding Nuoro 90x190 Ressorts,1560,Maison & rangement,🧺,85 €,3737759832,1239436143,image_1239436143_product_3737759832
Lit Double 160x200 Blanc Laqué Avec Éclairage P-6087-Co Barna,1560,Maison & rangement,🧺,197 €,4026075481,1277771885,image_1277771885_product_4026075481
Lot De 2 Matelas Latex Naturel 90x200 X 21 Cm Ferme - Déhoussable Hous,1560,Maison & rangement,🧺,23 €,4108907787,1292387661,image_1292387661_product_4108907787
Étagère Murale En Verre  900 X 150 X 10 Mm Satiné + Clips Bano Champag,1560,Maison & rangement,🧺,7 €,1553193463,1089458139,image_1089458139_product_1553193463
Canapé Convertible 3 Places Excellence 140 Cm Sommier Lattes Matelas M,1560,Maison & rangement,🧺,122 €,3582304488,1223583760,image_1223583760_product_3582304488
Lit Superposé Blanc 90x200 Cm En Hêtre Massif Avec Une Tente Coloris B,1560,Maison & rangement,🧺,164 €,3837511710,1251080059,image_1251080059_product_3837511710
Cotton Linen Place Décoratifs Pour La Maison Coussin Case Canapé Taill,1920,Linge de maison,🛏️,149 €,4231830798,1323378334,image_1323378334_product_4231830798
Cas Heureux Valentine Oreiller En Coton Lin Coussin Sofa Home Décor Pi,1920,Linge de maison,🛏️,30 €,4231805794,1323056002,image_1323056002_product_4231805794
1 Pcs Feuilles Tulle Porte Fenêtre Rideau Drapé Panneau Cantonnières É,1920,Linge de maison,🛏️,23 €,3795107756,1245880258,image_1245880258_product_3795107756
Imprimer Taie Polyester Canapé Coussin Car Cover Home Decor Suan21100,1920,Linge de maison,🛏️,142 €,3992748705,1273538021,image_1273538021_product_3992748705
Couvre-Lit À Double Face Matelassé 170 X 210 Cm Crème Et Marron,1920,Linge de maison,🛏️,59 €,3931855025,1265576993,image_1265576993_product_3931855025
Simple Linen Creative Belle Oreiller Taie D'oreiller Taie D'oreiller C,1920,Linge de maison,🛏️,134 €,4036991880,1278745384,image_1278745384_product_4036991880
Coussin Doux Polaire Imprimé 40x40 Cm Métier Passion Analyste,1920,Linge de maison,🛏️,72 €,3850039361,1252540526,image_1252540526_product_3850039361
Noël Canapé-Lit Home Décor Coussin Taie D'oreiller Couverture Pillow C,1920,Linge de maison,🛏️,38 €,4231795114,1323269786,image_1323269786_product_4231795114
Cas Halloween Oreiller Lin Sofa Fantômes Citrouille Coussin Home Décor,1920,Linge de maison,🛏️,94 €,4037105469,1279218048,image_1279218048_product_4037105469
Halloween Place Coton Oreiller Housse De Coussin Cas Taie Fermeture À ,1920,Linge de maison,🛏️,22 €,4037101044,1279194199,image_1279194199_product_4037101044
Simple Linen Creative Belle Oreiller Taie D'oreiller Taie D'oreiller C,1920,Linge de maison,🛏️,67 €,4004067981,1275050731,image_1275050731_product_4004067981
Betz Lot De 4 Serviettes Set De 2 Serviettes De Bain 2 Serviettes De T,1920,Linge de maison,🛏️,99 €,4137417207,1297901926,image_1297901926_product_4137417207
Accessoire Salle De Bain@ 4pcs Mer Style Antiderapant Toilettes Polyes,1920,Linge de maison,🛏️,77 €,3995297424,1273877841,image_1273877841_product_3995297424
Joyeux Noël Imprimer Taie Lin Coton Coussin Sofa Home Décor Zheng9194,1920,Linge de maison,🛏️,45 €,3992592331,1273237268,image_1273237268_product_3992592331
Géométrique Lignes Canapé-Lit Décoration Coussin Pillow Festival Case ,1920,Linge de maison,🛏️,117 €,3992526556,1273174534,image_1273174534_product_3992526556
Cas Heureux Halloween Oreiller Super Cachemire Coussin Sofa Home Décor,1920,Linge de maison,🛏️,144 €,4003948773,1275250106,image_1275250106_product_4003948773
Cdaffaires Tapis Deco Rectangle 50 X 80 Cm Imprime Ikaplume,1920,Linge de maison,🛏️,185 €,4027315044,1277904271,image_1277904271_product_4027315044
Alimentaire Confortable Création Mexicaine Burritos Taie Canapé Coussi,1920,Linge de maison,🛏️,82 €,3894930604,1260289690,image_1260289690_product_3894930604
Taie D'oreillersimple Linen Creative Belle Oreiller Taie D'oreiller Ta,1920,Linge de maison,🛏️,161 €,4146735409,1300460484,image_1300460484_product_4146735409
Pâques Canapé-Lit Accueil Décoration Coussin Festival De Taie D'oreill,1920,Linge de maison,🛏️,172 €,3992620192,1273350367,image_1273350367_product_3992620192
Manique Gant De Cuisine Drapeau I Love England,1920,Linge de maison,🛏️,140 €,3185551833,1196327026,image_1196327026_product_3185551833
Piège Visuelle Modern Style Visuel Disordered Ligne Hug Taie Accueil D,1920,Linge de maison,🛏️,7 €,4127721811,1295926226,image_1295926226_product_4127721811
Joyeux Noël Oreiller Entoilées Coussin Sofa Home Décor Oreiller De Bas,1920,Linge de maison,🛏️,175 €,4231850164,1323221243,image_1323221243_product_4231850164
Imprimer Taies D'oreiller En Lin Coussin Sofa Home Décor Taie,1920,Linge de maison,🛏️,146 €,3887597629,1258993396,image_1258993396_product_3887597629
Stripe Imprimer Canapé-Lit Décoration Coussin Festival De Taie D'oreil,1920,Linge de maison,🛏️,81 €,3992396263,1273070755,image_1273070755_product_3992396263
Joyeux Noël Oreiller Entoilées Coussin Sofa Home Décor Oreiller De Bas,1920,Linge de maison,🛏️,174 €,3871034583,1255725685,image_1255725685_product_3871034583
Cotton Linen Place Décoratifs Pour La Maison Coussin Case Canapé Taill,1920,Linge de maison,🛏️,31 €,3992778295,1273719495,image_1273719495_product_3992778295
Cotton Linen Place Décoratifs Pour La Maison Coussin Case Canapé Taill,1920,Linge de maison,🛏️,39 €,3850005904,1252617890,image_1252617890_product_3850005904
Today Coussin Chalet En Coton - 40 X 40 Cm - Chalet,1920,Linge de maison,🛏️,72 €,3814959269,1248465479,image_1248465479_product_3814959269
Tablier Noir De Cuisine Barbecue Étoile De Mer Imprimé,1920,Linge de maison,🛏️,34 €,3657924278,1232191692,image_1232191692_product_3657924278
Halloween Pumpkin Taie D'oreiller Taies Sofa Décoratif Coussin_Hoeroie,1920,Linge de maison,🛏️,32 €,4141569764,1299253443,image_1299253443_product_4141569764
Noël Père Noël Canapé-Lit Accueil Décoration Coussin Festival De Taie ,1920,Linge de maison,🛏️,195 €,3992550785,1273061489,image_1273061489_product_3992550785
Avengers Parure De Couette 1 Housse De Couette + 2 Tais D'oreiller 3d ,1920,Linge de maison,🛏️,146 €,4143344573,1299662871,image_1299662871_product_4143344573
Coussin Furry Peluche Couverture Coussin Case Accueil Lit Chambre Cana,1920,Linge de maison,🛏️,44 €,3992748809,1273539015,image_1273539015_product_3992748809
Mode Canapé-Lit Décoration Coussin Taie D'oreiller Couverture Zjj2965,1920,Linge de maison,🛏️,74 €,4063336687,1283942267,image_1283942267_product_4063336687
Lin Vintage Retro Coton Taille Throw Coussin Taie D'oreiller Couvertur,1920,Linge de maison,🛏️,77 €,4003952096,1275265144,image_1275265144_product_4003952096
Pâques Canapé-Lit Accueil Décoration Coussin Festival De Taie D'oreill,1920,Linge de maison,🛏️,159 €,3992559508,1273102244,image_1273102244_product_3992559508
Décoration Du Foyer Coussin Motif Sun Moon Throw Taie D'oreiller Couve,1920,Linge de maison,🛏️,58 €,4004184861,1275408912,image_1275408912_product_4004184861
4pc Noël Coton Lin Sofa Voiture Accueil Taille Coussin Coussin Case,1920,Linge de maison,🛏️,188 €,4037443003,1279339366,image_1279339366_product_4037443003
4pcs Non Slip Toilet Polyester Cover Mat Set Bathroom Shower Curtain Z,1920,Linge de maison,🛏️,92 €,4058898302,1284213655,image_1284213655_product_4058898302
Fox Imprimer Canapé-Lit Décoration Coussin Taie D'oreiller Couverture ,1920,Linge de maison,🛏️,57 €,3992504839,1273066628,image_1273066628_product_3992504839
S4sassy Geometrique Souci Canard De Coton Ensemble De 2 Panneaux Oeill,1920,Linge de maison,🛏️,180 €,3910535669,1262912108,image_1262912108_product_3910535669
Taies D'oreiller En Coton Lin Coussin Sofa Home Décor,1920,Linge de maison,🛏️,167 €,4037131508,1279577358,image_1279577358_product_4037131508
Coussin Sofa Taille Coussin Throw Cover Home Decor Coussin Case Cover ,1920,Linge de maison,🛏️,72 €,4063427049,1284153186,image_1284153186_product_4063427049
Happy Day Canapé-Lit De La Mère Décoration Coussin Festival De Taie D',1920,Linge de maison,🛏️,134 €,4229649042,1322071150,image_1322071150_product_4229649042
Automne Heureux Thanksgiving Day Doux Linen Oreiller Coussin Case Cove,1920,Linge de maison,🛏️,130 €,3992542176,1273241902,image_1273241902_product_3992542176
Peinture À L'huile De Lin Coussin Couverture Jeter Taille Taie Canapé ,1920,Linge de maison,🛏️,69 €,4003935974,1275210689,image_1275210689_product_4003935974
Halloween Fantôme Citrouille Taie Sofa Taille Coussin Throw Cover Home,1920,Linge de maison,🛏️,18 €,3887588689,1258952994,image_1258952994_product_3887588689
Cas Halloween Oreiller Lin Fantômes De Citrouille Coussin Décoration S,1920,Linge de maison,🛏️,28 €,4137579293,1297882568,image_1297882568_product_4137579293
Imprimer Taie Polyester Canapé Coussin Car Cover Home Decor Suan20005,1920,Linge de maison,🛏️,167 €,3992742511,1273509255,image_1273509255_product_3992742511
Etoile Céramique - Couleur - Dore Taille - 12,1920,Linge de maison,🛏️,113 €,4158387995,1303398112,image_1303398112_product_4158387995
Miettes De Thon Blanc Germon À La Tomate 115 Gr,1940,Épicerie,🍫,75 €,198613161,937609576,image_937609576_product_198613161
Eric Bur Biscuit Sucre Croustillant Au Caramel - 120 G,1940,Épicerie,🍫,16 €,3415934205,1212046596,image_1212046596_product_3415934205
Senseo Guten Morgen Xl Riche & Intense Dosettes De Café Lot De 3 Á 125,1940,Épicerie,🍫,5 €,4056268435,1282332580,image_1282332580_product_4056268435
Dallmayr Prodomo Décaféiné Café Filtre Café Torréfié Moulu Sans Caféin,1940,Épicerie,🍫,90 €,4056002593,1282295504,image_1282295504_product_4056002593
Dragées Chocolat Forme Amande Orange,1940,Épicerie,🍫,38 €,185253300,938716298,image_938716298_product_185253300
Fer À Caraméliser Electrique Ø 115 Cm,1940,Épicerie,🍫,168 €,2350070329,1137661681,image_1137661681_product_2350070329
Sardines Au Piment Saupiquet 120g,1940,Épicerie,🍫,72 €,3868751678,1255143922,image_1255143922_product_3868751678
Mulesli Mulebar Bio Et Vegan 350 G - Fruits Rouges,1940,Épicerie,🍫,46 €,4014004308,1276524232,image_1276524232_product_4014004308
Connetable Sardines De Guarde Millesimee 2017 - A L'huile D'olive Vier,1940,Épicerie,🍫,194 €,3894593285,1260620439,image_1260620439_product_3894593285
1pcs Énergie Solaire Cork En Forme De Led Starry Lumière Bouteille De ,2060,Décoration,💡,118 €,4213274511,1317821257,image_1317821257_product_4213274511
Decoration De Noel 3pcs Christmas Suction Grip Bath Mat Bathroom Kitch,2060,Décoration,💡,146 €,4210962322,1316984250,image_1316984250_product_4210962322
5d Broderie Peintures Strass Diamant Bricolage Pasted Peinture Point D,2060,Décoration,💡,185 €,4189050406,1312008981,image_1312008981_product_4189050406
Cadre Taz Le Diable De Tazmanie Warner Bros Lot De 3 Cadre Miroir 22 X,2060,Décoration,💡,114 €,3159155955,1194439424,image_1194439424_product_3159155955
3d Usb Charging Led Rattan Moon Night Light Moonlight Table Desk Moon ,2060,Décoration,💡,148 €,3846829681,1252108118,image_1252108118_product_3846829681
Doublure Décorative Lin Square Pillow Coussin Canapé Lin Clair 50 Cm S,2060,Décoration,💡,7 €,4167139775,1306182252,image_1306182252_product_4167139775
Croyez En Vous-Même Amovible Art Mural Vinyle Accueil Salle Decor Stic,2060,Décoration,💡,33 €,4087637494,1289265803,image_1289265803_product_4087637494
Coeurs Sticker Adhésif Mural Autocollant - I Love You,2060,Décoration,💡,24 €,149781162,904556386,image_904556386_product_149781162
New Flower Metal Heart Dies Pochoirs Coupe Bricolage Scrapbooking Albu,2060,Décoration,💡,181 €,3784900536,1244608050,image_1244608050_product_3784900536
Set De De 6 ¿Ufs En Porcelaine Style Fabergé Boite A Pilule Coffret Bi,2060,Décoration,💡,43 €,3785386315,1244599094,image_1244599094_product_3785386315
Alimentation Par Batterie Dragonfly Guirlandes 20 Led Jardin Étanche É,2060,Décoration,💡,144 €,4089724298,1289796157,image_1289796157_product_4089724298
Led Coloré D'impression 3d Lune Lampe Starry Lune Nuit Lampe Avec Supp,2060,Décoration,💡,14 €,4153301674,1302453438,image_1302453438_product_4153301674
Chat Drôle Mignon Elf Autocollant Mural Wall Art Décor Vinyle Decal St,2060,Décoration,💡,99 €,4188991087,1311930324,image_1311930324_product_4188991087
Métal Plaque Poster Panneaux Du Rétro Publicité Slogan Art Décor Mural,2060,Décoration,💡,154 €,4186792915,1314853597,image_1314853597_product_4186792915
3pcs Non-Slip De Bain Tapis De Bain Tapis Cuisine Paillassons Décor Ac,2060,Décoration,💡,146 €,3889378113,1260086282,image_1260086282_product_3889378113
Kit Fil Lumière À Led Multicolores Longueur De 5 M - Oogarden,2060,Décoration,💡,42 €,728169267,1225668332,image_1225668332_product_728169267
Sticker Mural 14 Minis Cactus,2060,Décoration,💡,115 €,3930059712,1238220450,image_1238220450_product_3930059712
Jeu Pac Homme Lampe Table 3d Chambre Lampe Décorative Illusion Enfant ,2060,Décoration,💡,37 €,4200678130,1314451982,image_1314451982_product_4200678130
Briquet Allume-Cigarette Électrique Usb Rechargeable Design Mince En M,2060,Décoration,💡,15 €,4203225335,1314636015,image_1314636015_product_4203225335
Buyiesky®Accueil Rideau De Douche Tapis De Bain Tapis De Bain Wc Couve,2060,Décoration,💡,83 €,3837261124,1251140595,image_1251140595_product_3837261124
Mode Acrylique Amovible Diy Acrylique Horloges Murales Décoratives Hor,2060,Décoration,💡,98 €,4166724386,1305784804,image_1305784804_product_4166724386
Transformez-Vous En Boxeur Ou Cascadeur Avec Ce Nez Cassé À Effet Théâ,2060,Décoration,💡,15 €,276863633,976853474,image_976853474_product_276863633
Caoutchouc Absorbent Antidérapante Tapis Tapis Personnalité Salon Cham,2060,Décoration,💡,96 €,4179944076,1309567002,image_1309567002_product_4179944076
5d Broderie Peintures Strass Diamant Bricolage Pasted Peinture Point D,2060,Décoration,💡,58 €,3748071049,1240712879,image_1240712879_product_3748071049
Bougie Parfumée Au Design Pot De Confiture/Emotion,2060,Décoration,💡,179 €,4033965090,1278375968,image_1278375968_product_4033965090
Briquet Allume-Cigarette Électrique Conception Compacte Rechargeable P,2060,Décoration,💡,68 €,4203225362,1314636030,image_1314636030_product_4203225362
Fua1997®Night Party Sac À Dos Réfléchissant Lumineux Suspendu Ceinture,2060,Décoration,💡,175 €,4139565752,1299093809,image_1299093809_product_4139565752
Arbre De Noël Pendentif Hanging Accueil Ornement Décoration De Noël Ch,2060,Décoration,💡,31 €,4213742054,1317674865,image_1317674865_product_4213742054
Taie Canapé Voiture Taille Throw Coussin Décoration Koko3054,2060,Décoration,💡,95 €,3895294516,1260721638,image_1260721638_product_3895294516
3pcs Noël Salle De Bains Non-Slip Socle Tapis + Couvercle + Couvercle ,2060,Décoration,💡,148 €,4086075128,1289190813,image_1289190813_product_4086075128
5d Broderie Peintures Strass Diamant Bricolage Pasted Peinture Point D,2060,Décoration,💡,109 €,4010541014,1276094299,image_1276094299_product_4010541014
Cadeau Anniversaire Cadeau Créatif En Bois Réveil Bureau Horloges Numé,2060,Décoration,💡,163 €,4189051947,1311839415,image_1311839415_product_4189051947
Diana Princess Of Wales Photo  Encadrée,2060,Décoration,💡,196 €,614657605,1031868291,image_1031868291_product_614657605
Fleur Poignet Broches Fleur Artificielle Décor Corsage Pour Femmes Soi,2060,Décoration,💡,44 €,4186164322,1314149398,image_1314149398_product_4186164322
Salle De Bains Douche Accessorie Boîte À Savon Porte-Plateau De Plaque,2060,Décoration,💡,65 €,3716332447,1237297105,image_1237297105_product_3716332447
9pcs Papier Tissu Pompons Boules Fleurs Fluffy Fête De Mariage Décorat,2060,Décoration,💡,46 €,4087657311,1289611087,image_1289611087_product_4087657311
Usb Led Pliage Des Lunettes De Protection Pour Téléphones Mobiles Supp,2060,Décoration,💡,50 €,4076879322,1287483166,image_1287483166_product_4076879322
6pcs 2m 20led Fée Batterie Légère Starry Chaîne De Fil De Cuivre Décor,2060,Décoration,💡,110 €,3837112163,1251033291,image_1251033291_product_3837112163
24pcs Love Heart Accueil Wall Sticker Décor Decal Chambre Vinyle Art M,2060,Décoration,💡,11 €,4088677400,1289668757,image_1289668757_product_4088677400
Parure Plaqué Rhodium : Collier Et Boucles D'oreilles Avec Zirconites ,2060,Décoration,💡,50 €,4193589767,1312143805,image_1312143805_product_4193589767
Poster Métallique Pour Bar Café Pub Magideal,2060,Décoration,💡,193 €,4215706564,1320221557,image_1320221557_product_4215706564
Papier Peint | Seven Continents | 300x231 | |,2060,Décoration,💡,90 €,4031030645,1278241887,image_1278241887_product_4031030645
Combinaison D'outils Clés À Cliquet Main Clé Kit De Réparation Jardin,2060,Décoration,💡,110 €,3906626558,1262283582,image_1262283582_product_3906626558
5d Broderie Peintures Strass Diamant Bricolage Pasted Peinture Point D,2060,Décoration,💡,176 €,4086089911,1289313506,image_1289313506_product_4086089911
Led Usb Light Up Letter Lumières Blanches Lettres En Plastique De Type,2060,Décoration,💡,193 €,3997449566,1274149480,image_1274149480_product_3997449566
Horloge De Bureau À Commande Vocale Portative De Silicone D'affichage ,2060,Décoration,💡,68 €,4189044243,1311755458,image_1311755458_product_4189044243
2pcs Champignon Miniature Ornement De Jardin Bricolage Artisanat Pot F,2060,Décoration,💡,73 €,4187542055,1311561111,image_1311561111_product_4187542055
Halloween Pumpkin Dentelle Laser Coupe Cupcake Wrapper Liner De Cuisso,2060,Décoration,💡,45 €,3957785111,1269387798,image_1269387798_product_3957785111
12pc Led Thé Lumière Des Bougies Sans Flamme Réaliste Bougies À Piles ,2060,Décoration,💡,184 €,4213248800,1317474531,image_1317474531_product_4213248800
Réveil Bart Simpson Foot,2060,Décoration,💡,32 €,3773941539,1243467733,image_1243467733_product_3773941539
Étoile Amovible Art Vinyl Mural Décoration D'intérieur Chambre Chambre,2060,Décoration,💡,102 €,3868369559,1255117528,image_1255117528_product_3868369559
5d Broderie Peintures Strass Diamant Bricolage Pasted Peinture Point D,2060,Décoration,💡,14 €,3997822364,1274216291,image_1274216291_product_3997822364
Wall Paper 3d Brique Pierre Rustique Effet Auto-Adhésif Autocollant Mu,2060,Décoration,💡,125 €,4213426280,1317657743,image_1317657743_product_4213426280
Dies Coupe En Métal Pochoirs Bricolage Scrapbooking Papier Carte Album,2060,Décoration,💡,61 €,3879909560,1257341803,image_1257341803_product_3879909560
Filet D'ombre Voiles D'ombrage Housse Plantes Papier D'aluminium Réflé,2060,Décoration,💡,56 €,4186090092,1313924092,image_1313924092_product_4186090092
Nombres 3d Diy Romain Mur Acrylique Miroir Autocollant Horloge Décorat,2060,Décoration,💡,122 €,3935339457,1265868530,image_1265868530_product_3935339457
Feuilles Sheer Rideau Tulle Fenêtre Traitement Drapé Valance 1 Voile T,2060,Décoration,💡,94 €,3962513619,1269757308,image_1269757308_product_3962513619
Autocollant Amovible Vinyle Art Mural Valentine's Accueil Salon Décora,2060,Décoration,💡,83 €,2274442884,1134165265,image_1134165265_product_2274442884
Trick Or Treat Halloween Horror Tenture Home Decor Accessoires Blanket,2060,Décoration,💡,63 €,4180205999,1309604758,image_1309604758_product_4180205999
Advance Diet - Croquettes Atopic Mini Pour Petit Chien - 15kg,2220,Animalerie,🐾,62 €,1854228376,1105638578,image_1105638578_product_1854228376
Dog Raincoat Cape Imperméable Tout Compris Animaux Hooded Raincoat@Pao,2220,Animalerie,🐾,11 €,4182068658,1311316208,image_1311316208_product_4182068658
Mpets Cage De Transport - Pour Chien - 46x31x23cm - Noir,2220,Animalerie,🐾,173 €,2087485671,1125000003,image_1125000003_product_2087485671
2pcs Lampe Céramique Ampoule E27 Chauffant Eleveuse Pour Reptile Anima,2220,Animalerie,🐾,54 €,4187516858,1315183232,image_1315183232_product_4187516858
Couverture Sièges De Voiture Pour Chien - Hamac Coussin Imperméable 14,2220,Animalerie,🐾,107 €,3960570411,1269573116,image_1269573116_product_3960570411
Pet Supplies Exquis Réglable Bowknot Diamant Chien Puppy Pet Colliersd,2220,Animalerie,🐾,89 €,4019921861,1280147539,image_1280147539_product_4019921861
Pet Jouet Pour Chat Souris Forme Emulsion Trois Toy Color Interactive ,2220,Animalerie,🐾,76 €,3971911095,1270458988,image_1270458988_product_3971911095
Coll Nyl Regl 25-45/65 Tur,2220,Animalerie,🐾,22 €,1183436170,1067702256,image_1067702256_product_1183436170
Plante Congo Ivy Medium 40cm Zoomed,2220,Animalerie,🐾,76 €,224157354,957276295,image_957276295_product_224157354
Balle Silicone Avec Clochette Pour Chat,2220,Animalerie,🐾,94 €,3161937985,1195004104,image_1195004104_product_3161937985
Liberation N° 290 Du 25/11/1974 - Le Cancer De Chalon-Sur-Saone - Synd,2280,Journaux & magazines,📰,169 €,570619022,1027222561,image_1027222561_product_570619022
Okapi N° 84 Du 15/05/1975,2280,Journaux & magazines,📰,135 €,99285707,865951548,image_865951548_product_99285707
Art Press  N° 317,2280,Journaux & magazines,📰,107 €,47087999,322319454,image_322319454_product_47087999
Militaria Magazine  N° 288 : Sully Sur Loire Histoire Vivante,2280,Journaux & magazines,📰,178 €,97866688,860283150,image_860283150_product_97866688
Noir Et Blanc N° 223 Du 01/06/1949 - Le Mariage Princier.,2280,Journaux & magazines,📰,142 €,569626703,1026944495,image_1026944495_product_569626703
Pierrot Champion  N° 13,2280,Journaux & magazines,📰,89 €,81655031,854580722,image_854580722_product_81655031
Okapi 827 : La Biodiversité En Danger,2280,Journaux & magazines,📰,12 €,146860979,901626349,image_901626349_product_146860979
Navires Ports Et Chantiers N° 41 Du 01/10/1953 - Le Journal De La Mari,2280,Journaux & magazines,📰,34 €,416630449,1007372392,image_1007372392_product_416630449
L'expert Automobile N° 68 Renault Estafette R2132 À R2137,2280,Journaux & magazines,📰,71 €,1596157939,1093233204,image_1093233204_product_1596157939
Tom & Jerry N° 80,2280,Journaux & magazines,📰,50 €,487612519,1015753453,image_1015753453_product_487612519
Action Francaise (L') N° 228 Du 16/08/1934 - La Republique Contre L'un,2280,Journaux & magazines,📰,153 €,569673434,1027012806,image_1027012806_product_569673434
Salut 189 Captain Sensible Les Charlots Telephone Chagrin D'amour Dire,2280,Journaux & magazines,📰,72 €,1035567935,1054102558,image_1054102558_product_1035567935
E-Loisirs  N° 1 : La Magie Du Dvd Les Jeux Les Plus Fous !...,2280,Journaux & magazines,📰,14 €,56386896,671979554,image_671979554_product_56386896
Marin (Le) N° 575 Du 13/06/1958 - Les Brevets - Ernest Lamort N'est Pl,2280,Journaux & magazines,📰,32 €,569541095,1026788368,image_1026788368_product_569541095
Paroles Et Musique N° 31 Piaf + Mannick Van Morrison Lavilliers Gilber,2280,Journaux & magazines,📰,157 €,4630582,150869930,image_150869930_product_4630582
Best N° 304 : Paul Mccartney Lloyd Cole Fff Chaka Demus Crowded House,2280,Journaux & magazines,📰,116 €,4784885,660455402,image_660455402_product_4784885
Revue De L'association Roussillonnaise D'entomologie Hors-Série N° 11 ,2280,Journaux & magazines,📰,93 €,60856791,750112813,image_750112813_product_60856791
Salut N 153 /1993/T.Cruise Take That Ace Of Base Obispo J.Priestley M.,2280,Journaux & magazines,📰,191 €,3322833411,1207275049,image_1207275049_product_3322833411
Journal Du Dimanche (Le) N° 2019 Du 18/08/1985 - Le Rapport Tricot Veu,2280,Journaux & magazines,📰,85 €,569963405,1026988605,image_1026988605_product_569963405
La Revue Politique Et Litteraire 6e Annee - 1er Semestre N°7 - Taxile ,2280,Journaux & magazines,📰,116 €,1185443947,1067899965,image_1067899965_product_1185443947
Presse Magazine (La) N° 469 Du 02/11/1954 - Dessins De Julhes - Mary -,2280,Journaux & magazines,📰,160 €,435042700,1007615846,image_1007615846_product_435042700
Fascicule Ferrari Collection N°26   F250 Gt Swb,2280,Journaux & magazines,📰,135 €,151780176,906892321,image_906892321_product_151780176
L'equipe Magazine N° 1514 : Anquetil Roi Du Chrono,2280,Journaux & magazines,📰,34 €,947190524,1049325203,image_1049325203_product_947190524
Vie De L'auto (La) N° 1181 Du 30/06/2005,2280,Journaux & magazines,📰,103 €,50591757,471016030,image_471016030_product_50591757
Journal Du Soir N° 1854 Du 27/06/1803 - Journal De Politique Et De Lit,2280,Journaux & magazines,📰,152 €,435851784,1008001182,image_1008001182_product_435851784
Auto Journal (L') N° 5 Du 15/03/1986 - Vw Golf 16 S - Bmw M5 - Ford Es,2280,Journaux & magazines,📰,53 €,440658303,1009325220,image_1009325220_product_440658303
Nature (La) N° 2138 Du 16/05/1914 - Le Tremblement De Terre De Sicile ,2280,Journaux & magazines,📰,70 €,570697420,1027311990,image_1027311990_product_570697420
Voix Du Nord (La) N° 13523 Du 30/12/1987 - Le Retour Sur Terre De Your,2280,Journaux & magazines,📰,16 €,435088804,1007588313,image_1007588313_product_435088804
Jazz Magazine N° 297 Du 01/05/1981 - Chris Mc Gregor - Teddy Edwards -,2280,Journaux & magazines,📰,186 €,569575256,1026818075,image_1026818075_product_569575256
Cibles N° 23 Du 01/10/1970 - Commemorative Erbel Golden Navy.,2280,Journaux & magazines,📰,116 €,436077540,1008211167,image_1008211167_product_436077540
Aurore France Libre (L') N° 1333 Du 27/12/1948 - La Cour Des Comptes C,2280,Journaux & magazines,📰,5 €,570626032,1027238598,image_1027238598_product_570626032
Regards N° 399 Du 10/04/1953 - Les Francais Vont Voter.,2280,Journaux & magazines,📰,138 €,473961160,1014696978,image_1014696978_product_473961160
Gil Blas N° 21 Du 26/05/1899 - Marie-Magdeleine Par Montjoyeux - Stein,2280,Journaux & magazines,📰,142 €,435258219,1007714220,image_1007714220_product_435258219
Petit Journal (Le) N° 13117 Du 24/11/1898 - Affaire Dreyfus  -   Affai,2280,Journaux & magazines,📰,180 €,436068207,1008137275,image_1008137275_product_436068207
Le Journal De Mickey N° 1281,2280,Journaux & magazines,📰,189 €,4310998,833833609,image_833833609_product_4310998
"Cinq Petits Lapins -  Janine Ancelet - Collection ""Jeunes Lecteurs""",2280,Journaux & magazines,📰,194 €,1480849314,1083731977,image_1083731977_product_1480849314
San Antonio  N° 64 : Remets Ton Slip Gondolier,2280,Journaux & magazines,📰,193 €,74806851,845737158,image_845737158_product_74806851
Gala N° 847 Du 02/09/2009 - Carla Bruni-Sarkozy - Son Elysee Intime - ,2280,Journaux & magazines,📰,176 €,569741137,1026925156,image_1026925156_product_569741137
Light Is More - Un Siecle De Luminaire - Lots N°301 A 600 - [Ateliers ,2280,Journaux & magazines,📰,55 €,54148639,844338652,image_844338652_product_54148639
Ciné Télé Obs Matthias Schonaerts Cover Wes Anderson Deneuve J-L Trint,2280,Journaux & magazines,📰,98 €,938068057,1048440694,image_1048440694_product_938068057
Dhmag 823 Yann Queffelec Paul Rudd Ant-Man Paul Simon Bomarzo Guillaum,2280,Journaux & magazines,📰,115 €,3195539106,1196881211,image_1196881211_product_3195539106
X 64 Magazine N°15  Février 1999. Rogue Squadron. Quake 2. Need For S,2280,Journaux & magazines,📰,22 €,1641425837,1096053893,image_1096053893_product_1641425837
Hot Dvd  N° 3,2280,Journaux & magazines,📰,175 €,62860993,825645919,image_825645919_product_62860993
France Football N° 616 Du 07/01/1958 - Les 16 Devant La Coupe Du Monde,2280,Journaux & magazines,📰,89 €,570696954,1027309203,image_1027309203_product_570696954
Connaissance Des Arts N° 26 Du 15/04/1954 - Le Guide De L'amateur D'ar,2280,Journaux & magazines,📰,164 €,435042499,1007577791,image_1007577791_product_435042499
Durango Encaisse Ou Tue Synopsis Roberto Bianchi Montero Brad Harris J,2280,Journaux & magazines,📰,85 €,223603889,957161141,image_957161141_product_223603889
Zembla  N° 362 : Zembla Bill Et Barry,2280,Journaux & magazines,📰,174 €,93406101,890063125,image_890063125_product_93406101
Madame Figaro N° 1203 Du 15/09/2007 - Rugby  -   Les Femmes S'en Melen,2280,Journaux & magazines,📰,36 €,570004069,1026954518,image_1026954518_product_570004069
Musee De La Marine,2280,Journaux & magazines,📰,189 €,2003419173,1119970018,image_1119970018_product_2003419173
Connaissance Du Rail N° 290 Du 01/10/2005 - Transport 2000 Internation,2280,Journaux & magazines,📰,81 €,435274808,1007812643,image_1007812643_product_435274808
Aurore (L') N° 6055 Du 20/02/1964 - Circulation Dans Paris / La Soluti,2280,Journaux & magazines,📰,134 €,570716320,1027278041,image_1027278041_product_570716320
Tv Hebdo La Nouvelle Republique N° 19115 Du 15/09/2007 - Patrick Sebas,2280,Journaux & magazines,📰,84 €,435010652,1007489845,image_1007489845_product_435010652
Veillees (Les) N° 341 Du 25/03/1961 - Lectures Romanesques - Tricots- ,2280,Journaux & magazines,📰,175 €,435860875,1008056211,image_1008056211_product_435860875
Histoire Illustrée De  N° 119 : La Guerre De 1914 : La Garde Allemande,2280,Journaux & magazines,📰,109 €,98006090,860315459,image_860315459_product_98006090
Tout Faire Savoir N° 511 Du 01/04/1934 - Systeme D,2280,Journaux & magazines,📰,88 €,440558313,1009210100,image_1009210100_product_440558313
Paroles Et Musique N° 43 Du 01/10/1984 - Mama Bea - Leo Ferre - Serge ,2280,Journaux & magazines,📰,108 €,436099202,1008189902,image_1008189902_product_436099202
La Légende De Batman. Red Hood 1 Er Partie,2403,Livres & lots,📚,183 €,3654675786,1231821693,image_1231821693_product_3654675786
Alexandre Dumas - 25 Volumes Éditions De L'érable,2403,Livres & lots,📚,80 €,3889791472,1260065787,image_1260065787_product_3889791472
Lot De 7 N°  Aujourd'hui Paris 1990,2403,Livres & lots,📚,146 €,128805878,883751873,image_883751873_product_128805878
Ramsès ( Complet ) Tome 1 Et 2 // Christian Jacq // Editions Bouquins,2403,Livres & lots,📚,37 €,3194519491,1196612660,image_1196612660_product_3194519491
Erbe E Frutti Della Terra. I Frutti Di Bosco. Basilico Maggiorana E Or,2403,Livres & lots,📚,54 €,2993427150,1179792168,image_1179792168_product_2993427150
Lot De 8 Tomes Mangas Yugioh Kazuki Takahashi,2403,Livres & lots,📚,112 €,4076993289,1287075727,image_1287075727_product_4076993289
Lot De 5 Livres De Mathématiques Supérieures Et Spéciales,2403,Livres & lots,📚,175 €,3694988042,1235559458,image_1235559458_product_3694988042
Lot Fils Des Brumes Tome 1 Et 2 De Brandon Sanderson,2403,Livres & lots,📚,102 €,3853593000,1252930830,image_1252930830_product_3853593000
Lot 4 Livres Angelique Par Anne Et Serge Golon Editions Trevise,2403,Livres & lots,📚,178 €,607987565,1031132006,image_1031132006_product_607987565
Lot Revues Selection Du Reader's Digest 1974,2403,Livres & lots,📚,196 €,3696123780,1235599018,image_1235599018_product_3696123780
Albums J'ai Vu ... Jack Delaroche - Nadia Berkane,2403,Livres & lots,📚,49 €,1405265150,1078720858,image_1078720858_product_1405265150
Lot De 3 Livres De L&#39;Abbé A-F.James : Histoire De L&#39;Ancien Tes,2403,Livres & lots,📚,162 €,2796230062,1164949290,image_1164949290_product_2796230062
Lot : Je Vous Appelle Mes Amis : Livre De L'enfant 2e Étape Cm1 - Fich,2403,Livres & lots,📚,150 €,3853519566,1252917834,image_1252917834_product_3853519566
Descente Au Pays Sans Nom,2403,Livres & lots,📚,82 €,4005971087,1275446531,image_1275446531_product_4005971087
Lot 3 Livres Partitions Saxophone Serge Bichon - Jouez Du Saxophone Vo,2403,Livres & lots,📚,108 €,1999394634,1119489218,image_1119489218_product_1999394634
Voici N°1288 Alessandra Sublet & Clément Valérie Begue & Camille Lacou,2403,Livres & lots,📚,145 €,4145351808,1300230122,image_1300230122_product_4145351808
Carte Des Vosges 1:25000 - Hohneck - Petit Ballon - Trois Épis (Vallée,2403,Livres & lots,📚,5 €,3081258947,1189438261,image_1189438261_product_3081258947
Les Epagneuls - Lot De 2 Livres,2403,Livres & lots,📚,82 €,817032454,1040636367,image_1040636367_product_817032454
"Lot Pf23 De 18 Marque-Pages ""Petites Filles Gorjuss""",2403,Livres & lots,📚,78 €,1922712267,1112282163,image_1112282163_product_1922712267
Encyclopédie Cousteau - Lot De 8 Volumes,2403,Livres & lots,📚,58 €,3587997701,1225168418,image_1225168418_product_3587997701
Public N°195 Michelle Rodriguez Mariah Carey Sean Stewart (Nu) Britney,2403,Livres & lots,📚,115 €,4179977548,1309264807,image_1309264807_product_4179977548
Lot De 12 Livres De La Collection Splendeurs Et Mysteres De La Mer,2403,Livres & lots,📚,153 €,202760414,939711106,image_939711106_product_202760414
Lot De 5 Beau Livres,2403,Livres & lots,📚,160 €,3773236005,1243352983,image_1243352983_product_3773236005
Lot Suzie La Chipie Tome 1-2-3-4,2403,Livres & lots,📚,172 €,1974588391,1117519792,image_1117519792_product_1974588391
Lot De 9 Revues La Boîte A Outils N° 21 À 30 Sauf Le N° 29 Manquant,2403,Livres & lots,📚,87 €,587697816,1028721032,image_1028721032_product_587697816
Lot 9 Comics Cable Version Integrale Semic Panini,2403,Livres & lots,📚,124 €,558951787,1026030624,image_1026030624_product_558951787
La Saga De Twilight,2403,Livres & lots,📚,118 €,270700691,974060920,image_974060920_product_270700691
Lot De 5 Livres Colection L'évolution De L'humanité,2403,Livres & lots,📚,118 €,202613323,939579671,image_939579671_product_202613323
Lot De Bd Description : Livre : Timoléon Découvre L'europe Timoléon Dé,2403,Livres & lots,📚,177 €,1534868804,1088219075,image_1088219075_product_1534868804
Pochettes Photos De Paris,2403,Livres & lots,📚,59 €,1678215671,1098075230,image_1098075230_product_1678215671
Don Quichotte 3 Volumes,2403,Livres & lots,📚,135 €,819121653,1040819739,image_1040819739_product_819121653
Série Contesse De Segur,2403,Livres & lots,📚,126 €,3925250665,1264355837,image_1264355837_product_3925250665
Lot De 6 Romans Collection Nous Deux,2403,Livres & lots,📚,193 €,1461741512,1081744601,image_1081744601_product_1461741512
Lot De 20 Numéros De La Revue D'auvergne Entre 1975 Et 1982,2403,Livres & lots,📚,48 €,2484473585,1144550937,image_1144550937_product_2484473585
"Lot De 10 Bibliothèque De Travail ""Jeunesse""",2403,Livres & lots,📚,173 €,254168883,967048758,image_967048758_product_254168883
Lot De 4 Fascicules De Gabriel Wells En Anglais,2403,Livres & lots,📚,26 €,1738482262,1100711456,image_1100711456_product_1738482262
Histoire Générale Du Travail (Lot 4 Volumes),2403,Livres & lots,📚,77 €,3780719919,1244206564,image_1244206564_product_3780719919
Traite D Acupuncture Et De Moxibustion ( 1995 ( Medecine Traditionnell,2403,Livres & lots,📚,136 €,3334558143,1207157862,image_1207157862_product_3334558143
"Lot Pf10 De 12 Marque-Pages ""Illustrations Petites Filles Et Fleurs""",2403,Livres & lots,📚,174 €,1858981877,1105947757,image_1105947757_product_1858981877
La Bicyclette Bleue  - Régine Deforges - Ed.Ramsay,2403,Livres & lots,📚,167 €,827958867,1041461631,image_1041461631_product_827958867
The Avengers (1998) N°1-6 2 Variant Cover,2403,Livres & lots,📚,163 €,2491817911,1145109887,image_1145109887_product_2491817911
Gros Lot De Jeux De Rôle De Super Héros : Silver Age Sentinels D20 Gua,2403,Livres & lots,📚,90 €,404071874,1004370849,image_1004370849_product_404071874
Lot 35 Magazines Revues Jeux Video (Video Gamer The Game Jv Magazine J,2403,Livres & lots,📚,28 €,4046571380,1280790130,image_1280790130_product_4046571380
Verticalités Archéologie De L'âme,2403,Livres & lots,📚,197 €,2227094984,1132489859,image_1132489859_product_2227094984
Ellis Peters - Lot De 3 Volumes.,2403,Livres & lots,📚,65 €,3532588348,1219906368,image_1219906368_product_3532588348
Genshiken 4 5 6 7 Shimoku Kurokawa,2403,Livres & lots,📚,177 €,3632415649,1230165511,image_1230165511_product_3632415649
Public N°212 Vacances De Stars Dannii Minogue Diam's P Diddy Nicole Ri,2403,Livres & lots,📚,84 €,4179608783,1309108313,image_1309108313_product_4179608783
La Collection Thorgal En Bd N°1 Et N°2,2403,Livres & lots,📚,62 €,1565138830,1090907962,image_1090907962_product_1565138830
Galerie Morale Et Politique (3 Volumes),2403,Livres & lots,📚,55 €,3896891049,1261086475,image_1261086475_product_3896891049
Bergère De France - Livre Tricots 86/87 &#43; Tricot Mains (Explicatio,2403,Livres & lots,📚,42 €,2983212926,1178304750,image_1178304750_product_2983212926
Graffiti Volume 1 & 2,2403,Livres & lots,📚,11 €,194469985,935323111,image_935323111_product_194469985
Les Annales Politiques Et Littéraires  De 1882 À 1894 (28 Volumes),2403,Livres & lots,📚,16 €,1616410881,1094243030,image_1094243030_product_1616410881
Il Était Une Fois... L'homme,2403,Livres & lots,📚,67 €,3767924357,1242929578,image_1242929578_product_3767924357
Andromaque Et Don Quichotte,2403,Livres & lots,📚,126 €,272839520,975064605,image_975064605_product_272839520
Lot 4 N° 1 2 3 4  Revue Historique De L Armee    De Drago 1955   Riche,2403,Livres & lots,📚,161 €,257361501,969714490,image_969714490_product_257361501
Paul C.Jong Commentaires Et Sermons Sur Le Livre De L'apocalypse: L'âg,2403,Livres & lots,📚,23 €,147106594,901815617,image_901815617_product_147106594
Grande Tirelire Etoile Fun Mignon : Tu Me Manque : Miss You : Rose : P,2462,Jeux vidéo d'occasion,🎮,121 €,3864283374,1255243791,image_1255243791_product_3864283374
Xbox 360 + Jeux + Skylanders,2462,Jeux vidéo d'occasion,🎮,111 €,1539065030,1088432786,image_1088432786_product_1539065030
Lot - Tenchu - Shadow Assassins - Sur Nintendo Wii + 1 Jeu Pc Neuf (Vo,2462,Jeux vidéo d'occasion,🎮,166 €,4234444799,1323632684,image_1323632684_product_4234444799
Lot Collection Ensemble Jeux Video Hunter The Reckoning - Xbox - Micro,2462,Jeux vidéo d'occasion,🎮,152 €,2830422719,1167194198,image_1167194198_product_2830422719
Console Wii Blanche Complète Avec Cables Et Manette,2462,Jeux vidéo d'occasion,🎮,54 €,1966472264,1116940023,image_1116940023_product_1966472264
Animal Crossing Festival Sur Wii U,2462,Jeux vidéo d'occasion,🎮,188 €,1826268471,1104037719,image_1104037719_product_1826268471
Playstation Vita + Jeux + Étui,2462,Jeux vidéo d'occasion,🎮,183 €,199702534,938153308,image_938153308_product_199702534
Metroid Samus Returns - Edition Heritage - Collector,2462,Jeux vidéo d'occasion,🎮,103 €,2336228515,1136962939,image_1136962939_product_2336228515
Shrek 2 Game Boy Advance Boîte + Jeu,2462,Jeux vidéo d'occasion,🎮,131 €,3878730405,1257112218,image_1257112218_product_3878730405
Boitier Vide Avec Notice Playstation 2 Dragon Ball Z Budokai,2462,Jeux vidéo d'occasion,🎮,107 €,3620886142,1228858643,image_1228858643_product_3620886142
Notice D Origine De Final Fantasy Iv Ds,2462,Jeux vidéo d'occasion,🎮,67 €,2297121856,1135110191,image_1135110191_product_2297121856
Console Ps4 1to + 3 Jeux + 1 Manettes,2462,Jeux vidéo d'occasion,🎮,42 €,3665973987,1232568510,image_1232568510_product_3665973987
Wii Complète + Jeux,2462,Jeux vidéo d'occasion,🎮,172 €,450044191,1011094223,image_1011094223_product_450044191
Élément De Jeu - Jaquette Arrière - Le Monde Perdu Jurassic Park - Pla,2462,Jeux vidéo d'occasion,🎮,181 €,1871867515,1108215883,image_1108215883_product_1871867515
Collection 400% Jeux Totalflipper Pc,2462,Jeux vidéo d'occasion,🎮,6 €,1410911912,1078910175,image_1078910175_product_1410911912
"Jeu ""Leçons De Cuisine"" Nintendo Ds",2462,Jeux vidéo d'occasion,🎮,197 €,3766472873,1242849753,image_1242849753_product_3766472873
Lot - Les Sims 2 - Naufragés - Sur Nintendo Wii &#43; 1 Jeu Pc Neuf (V,2462,Jeux vidéo d'occasion,🎮,32 €,3024611254,1185873989,image_1185873989_product_3024611254
Carnet De Notes Bloc-Notes Cahier Souris Noire Animal Silhouette Natur,2522,Papeterie & bureau,✏️,113 €,4167093934,1306866921,image_1306866921_product_4167093934
Quo Vadis Repertoire 10 Pm Club Noir Ebene 7x10 Cm,2522,Papeterie & bureau,✏️,61 €,1485605965,1083652599,image_1083652599_product_1485605965
Lindner 120b-Bg-09-2014 Germany Letter Stationary - Supplement Year 20,2522,Papeterie & bureau,✏️,50 €,3817902574,1248845856,image_1248845856_product_3817902574
Schneider Cartouche Maxx Eco 666 Rouge Boîte 3,2522,Papeterie & bureau,✏️,183 €,2604755257,1152357632,image_1152357632_product_2604755257
Wedo Ouvre-Lettres Soft-Cut 230 Mm Lame En Acier,2522,Papeterie & bureau,✏️,137 €,138758587,956385833,image_956385833_product_138758587
Pentel Recharge Pour Rollerball Pour Stylo Sterling Executive Noir Boî,2522,Papeterie & bureau,✏️,123 €,824466762,1041183728,image_1041183728_product_824466762
Bic Lot De 6 Etuis De 18 Crayons De Couleur Kids Tropicolors 2 12 Coul,2522,Papeterie & bureau,✏️,17 €,618480027,1032099643,image_1032099643_product_618480027
Carnet De Notes Bloc-Notes Cahier Lizad Noirr La Chimie Classique,2522,Papeterie & bureau,✏️,147 €,4164674249,1305167619,image_1305167619_product_4164674249
Badge Bouton Rond La Corrida De La Musique Madrid Espagnol Broches Ins,2522,Papeterie & bureau,✏️,68 €,4168852092,1307455998,image_1307455998_product_4168852092
Trodat Cassette Encreur De Rechange Pour Tampon Mobile 6/9440b Bleu,2522,Papeterie & bureau,✏️,36 €,542325773,1024240681,image_1024240681_product_542325773
Uniball Stylo Correcteur Clp80,2522,Papeterie & bureau,✏️,121 €,290502691,1133294459,image_1133294459_product_290502691
Rhodia : Porte-Bloc Simili Cuir 8.4 X 11.5 Cm+ Bloc N°11 - Tangerine,2522,Papeterie & bureau,✏️,39 €,2283668057,1134422186,image_1134422186_product_2283668057
Lot De 500 Enveloppes/Pochettes Plastiques Opaques Grises 5330 X 61 Cm,2522,Papeterie & bureau,✏️,123 €,3272231575,1203355009,image_1203355009_product_3272231575
Faber Castell Surligneur Textliner 1546 Pointe Feutre Biseautée Colori,2522,Papeterie & bureau,✏️,175 €,288020714,1133293271,image_1133293271_product_288020714
Bic - Velleda - Marqueur Effaçable À Sec Pour Tableau Blanc - Pointe O,2522,Papeterie & bureau,✏️,140 €,192675137,969718245,image_969718245_product_192675137
Carnet De Notes Bloc-Notes Cahier Horizontal De Belle Femme Rondelette,2522,Papeterie & bureau,✏️,148 €,4167075473,1306536725,image_1306536725_product_4167075473
Carnet De Notes Bloc-Notes Cahier Mots Astrophile Style Carnet De Jour,2522,Papeterie & bureau,✏️,157 €,4167083137,1306584463,image_1306584463_product_4167083137
Boite De Classement A Elastique - Dos 40mm - 24 X 32 - Carte Lustree F,2522,Papeterie & bureau,✏️,86 €,3814871169,1248378936,image_1248378936_product_3814871169
Lindner 816k - R Boîtier-Rouge,2522,Papeterie & bureau,✏️,198 €,3817906480,1248862525,image_1248862525_product_3817906480
Post-It Marque-Page Standard 254 X 44 Mm Lot De 2 X 50 Bleu/Vert,2522,Papeterie & bureau,✏️,118 €,209462626,975606205,image_975606205_product_209462626
Boite Transfert 32x24x9 Noir/Bleu,2522,Papeterie & bureau,✏️,161 €,102706066,862579351,image_862579351_product_102706066
Schneider Lot De 5 Feutres Fineliner Link-It 04 Highland Vert,2522,Papeterie & bureau,✏️,189 €,2664721412,1156074493,image_1156074493_product_2664721412
Bic Feutre Kid Couleur 24 Feutres 1 Unité(S),2522,Papeterie & bureau,✏️,134 €,254416974,967572573,image_967572573_product_254416974
Pentel Stylo Roller Liquid Gel Energel Document Bleu,2522,Papeterie & bureau,✏️,114 €,1117642362,1062607971,image_1062607971_product_1117642362
Caran D'ache 849 Metal-X Stylo Bille Noir Métallisé,2522,Papeterie & bureau,✏️,145 €,824468321,1041178621,image_1041178621_product_824468321
Lot De 400 - Boîtes Postales Blanches 200x100x100 (Mm),2522,Papeterie & bureau,✏️,119 €,388574400,1002979984,image_1002979984_product_388574400
Cartouches Parker Noir - Etui De 5,2522,Papeterie & bureau,✏️,45 €,102342697,862539177,image_862539177_product_102342697
Grand Agenda 2019-2020 - Multilingue - 21x15cm - Métric Bleu Jean,2522,Papeterie & bureau,✏️,195 €,4056890018,1282472103,image_1282472103_product_4056890018
4 Cartes Noel/Bonne Annee Soutien Cancer Du Sein,2522,Papeterie & bureau,✏️,126 €,226561676,958220216,image_958220216_product_226561676
Lindner Ha9793 Hawid® Bandes Blocs Spéciaux,2522,Papeterie & bureau,✏️,120 €,3817907402,1248865578,image_1248865578_product_3817907402
Stylo Plume Waterman Hémisphère Acier Ct,2522,Papeterie & bureau,✏️,71 €,268377135,973308246,image_973308246_product_268377135
Helit Planchette De Subdiviision Pour Bac A Fiches,2522,Papeterie & bureau,✏️,197 €,138711663,940540903,image_940540903_product_138711663
1x Ruban Encreur/Cartouche Dencre Comp. Avec Brother Tze221 Noir/Blanc,2522,Papeterie & bureau,✏️,68 €,3079977430,1189217728,image_1189217728_product_3079977430
Carnet De Notes Bloc-Notes Cahier La Saint - Valentin Rouge En Forme D,2522,Papeterie & bureau,✏️,168 €,4167087566,1306805288,image_1306805288_product_4167087566
Draeger Sticker Mural Union Jack Rouge,2522,Papeterie & bureau,✏️,75 €,3568425339,1222004895,image_1222004895_product_3568425339
Créativité Écran D'ordinateur Pen Holder Bureau Bureau Papeterie Pen B,2522,Papeterie & bureau,✏️,138 €,3881730381,1257736679,image_1257736679_product_3881730381
Répertoire Le Dauphin Réf: 42 7220,2522,Papeterie & bureau,✏️,129 €,1318636521,1073485147,image_1073485147_product_1318636521
Pilot Lot De 12 Stylos Bille Bp-S Moyen Rouge,2522,Papeterie & bureau,✏️,165 €,295660399,988509751,image_988509751_product_295660399
Elba Eurofolio Chemise 24 X 32 Carte Rouge Rubis,2522,Papeterie & bureau,✏️,66 €,219962308,978734382,image_978734382_product_219962308
Clairefontaine Cahier Polypro Piqué 24x32 Cm 48p Séyès 90g Coloris Alé,2522,Papeterie & bureau,✏️,75 €,1384042225,1077814036,image_1077814036_product_1384042225
"Luxor Lot De 5 Stylos ""Tru Gel 07"" Grip Pointe Moyenne Bleu",2522,Papeterie & bureau,✏️,117 €,1536225524,1088294079,image_1088294079_product_1536225524
Marabu Pate Relief Argent M¿Tallique Dans Un Tube De 20 Ml,2522,Papeterie & bureau,✏️,24 €,138749848,940538368,image_940538368_product_138749848
"Feuillet Philatelique Cef ""Fregate Le Melpomene""N°333s",2522,Papeterie & bureau,✏️,187 €,54384885,588117763,image_588117763_product_54384885
Corbeille Papier Confort (16l) Noir,2522,Papeterie & bureau,✏️,78 €,102706946,862580909,image_862580909_product_102706946
"Bic Lot De 12 Surligneurs ""Technolight"" Orange Technique Liquid Ink",2522,Papeterie & bureau,✏️,65 €,292680857,986562131,image_986562131_product_292680857
7pcs Jeu Dungeons & Dragons Polyédrique D4-J20 Multi Sided Dice Acryli,2522,Papeterie & bureau,✏️,74 €,3881732691,1258316554,image_1258316554_product_3881732691
Clairefontaine  Unicolor Rlx Kraft Vergé 50x07m Argent,2522,Papeterie & bureau,✏️,90 €,276429185,976684480,image_976684480_product_276429185
100 Feuilles Papier De Riz Chinois Pour Calligraphie Et Peinture -Bans,2522,Papeterie & bureau,✏️,86 €,2111058409,1127085272,image_1127085272_product_2111058409
Carte Anniversaire Happy Perles Multi Couleurs,2522,Papeterie & bureau,✏️,143 €,3921989857,1263855368,image_1263855368_product_3921989857
Papermate Stylo Bille Inkjoy 700 Rt Bleu,2522,Papeterie & bureau,✏️,25 €,254417235,967583063,image_967583063_product_254417235
Boite De Classement Pp Boxing D80mm 7/10ème Pastel - Carton 10,2522,Papeterie & bureau,✏️,40 €,102705924,862579677,image_862579677_product_102705924
Cartes 3d Pop Up Valentine Amant Joyeux Anniversaire Anniversaire Cart,2522,Papeterie & bureau,✏️,43 €,4171232230,1307325690,image_1307325690_product_4171232230
Bloc-Notes De 10 Feuillets Sur Fond Cartonné- Quadrillé Petits Carreau,2522,Papeterie & bureau,✏️,64 €,3647938105,1231533966,image_1231533966_product_3647938105
Faber-Castell Crayon Bicolore Castell Document Bleu/Rouge,2522,Papeterie & bureau,✏️,103 €,262158471,971423466,image_971423466_product_262158471
Carte La Moustache De Papa,2522,Papeterie & bureau,✏️,182 €,3832300382,1250347994,image_1250347994_product_3832300382
Agipa Paquet De 120 Étiquettes De Couleur 12 X 18 Mm Assorti,2522,Papeterie & bureau,✏️,44 €,790996676,1039155936,image_1039155936_product_790996676
Clairefontaine Lot De 10 Cartes Simple 210g 158x222 Bleu Turquoise Pqt,2522,Papeterie & bureau,✏️,185 €,559361589,1026056259,image_1026056259_product_559361589
Carnet De Notes Bloc-Notes Cahierl'expression Simple Bavardage En Lign,2522,Papeterie & bureau,✏️,59 €,4160934862,1304085775,image_1304085775_product_4160934862
Clairefontaine Lot De 5 Cartes Simple 210g 158x222 Rose Fuchsia Pqt 25,2522,Papeterie & bureau,✏️,21 €,559361594,1026055770,image_1026055770_product_559361594
Tente De Réception 4x6m Pvc 500 G/M² Blanc Imperméable Barnum Chapitea,2582,Jardin & extérieur,🌿,111 €,1962221737,1116562519,image_1116562519_product_1962221737
Ice Cubes En Acier Inoxydable Réutilisable Métal Pierres Refroidissant,2582,Jardin & extérieur,🌿,109 €,4060923058,1301443992,image_1301443992_product_4060923058
5pc Mesh Net Turtle Bag String Shopping Bag Reusable Fruit Storage Han,2582,Jardin & extérieur,🌿,89 €,4061637061,1283961202,image_1283961202_product_4061637061
Pied De Parasol Pot De Fleurs Blanc Helloshop26 2202029,2582,Jardin & extérieur,🌿,143 €,1098837557,1085748481,image_1085748481_product_1098837557
New Flower Heart Metal Cutting Dies Stencils Diy Scrapbooking Album Pa,2582,Jardin & extérieur,🌿,124 €,4061595753,1283641554,image_1283641554_product_4061595753
Pocket Small Metal Alloy Beer Bottle Opener Tool Cartoon House Keyring,2582,Jardin & extérieur,🌿,111 €,4061617002,1283819553,image_1283819553_product_4061617002
Ice Cream Scoops Cake Trigger Cookie Scoop Stainless Steel Spoon Scoop,2582,Jardin & extérieur,🌿,20 €,4061611329,1283763213,image_1283763213_product_4061611329
Metal Cutting Dies Stencil Diy Scrapbooking Embossing Album Paper Card,2582,Jardin & extérieur,🌿,57 €,4061580213,1283480339,image_1283480339_product_4061580213
Stainless Steel Cork Screw Corkscrew Multifunction Wine Bottle Cap Ope,2582,Jardin & extérieur,🌿,112 €,4061620026,1283854848,image_1283854848_product_4061620026
Tente De Réception 4x8m Pvc 500 G/M² Vert Imperméable Barnum Chapiteau,2582,Jardin & extérieur,🌿,104 €,1962220706,1118566646,image_1118566646_product_1962220706
Jeu De Chaise Longue 11 Pcs Rond Marron Résine Tressée,2582,Jardin & extérieur,🌿,154 €,3082611439,1189501068,image_1189501068_product_3082611439
Parasol D'extérieur Avec Mât En Bois 300 Cm Anthracite,2582,Jardin & extérieur,🌿,183 €,3929959800,1265238221,image_1265238221_product_3929959800
Stainless Steel Leaves Fork Coffee Tea Spork Flatware Dessert Toolhpp1,2582,Jardin & extérieur,🌿,10 €,4061633030,1283928468,image_1283928468_product_4061633030
Guidetti Parasol Creta 3x3,2582,Jardin & extérieur,🌿,200 €,3970213452,1270238331,image_1270238331_product_3970213452
1mx3m Toile De Paillage Film Hdpe Polyéthylène Haute Densité Pr Bassin,2582,Jardin & extérieur,🌿,152 €,3226115031,1199244210,image_1199244210_product_3226115031
Housse De Protection Pour Canapé - Taille S,2582,Jardin & extérieur,🌿,102 €,2562240986,1190246392,image_1190246392_product_2562240986
Boule Laine Accueil Decors Ornements Enfants Couvertures Chambre Balle,2582,Jardin & extérieur,🌿,127 €,4061587544,1283606073,image_1283606073_product_4061587544
Nouvelle Double Outdoor Personne Voyage Camping Hanging Hamac Lit Mosq,2582,Jardin & extérieur,🌿,6 €,3879838157,1257215186,image_1257215186_product_3879838157
Tuteur Pic De Jardin Coloré Tige Avec Motif Papillons En Fonte Et Verr,2582,Jardin & extérieur,🌿,95 €,3815831708,1248543055,image_1248543055_product_3815831708
Indestructible Honeycomb Silicone Straw With Cleaner Cover And Glass F,2582,Jardin & extérieur,🌿,81 €,4061637142,1283964081,image_1283964081_product_4061637142
Tente Pliante V3s5-Pro Pvc Blanc - 4 X 4 M - Longueur : 4 M Largeur : ,2582,Jardin & extérieur,🌿,197 €,3793573976,1245645557,image_1245645557_product_3793573976
Metal Cutting Dies Stencils Scrapbooking Embossing Diy Craftshpp8693,2582,Jardin & extérieur,🌿,104 €,4061599283,1283705377,image_1283705377_product_4061599283
Cactus Coasters Heat Insulation Anti-Slip Cup Mat Coasters Flower Pot ,2582,Jardin & extérieur,🌿,112 €,4061612298,1283782558,image_1283782558_product_4061612298
Bloom Rotating Snack Box Flower Design Candy Food Storage Box Jewelry ,2582,Jardin & extérieur,🌿,142 €,4061638382,1283974074,image_1283974074_product_4061638382
Dies Coupe En Métal Pochoirs Bricolage Scrapbooking Album Paper Craft ,2582,Jardin & extérieur,🌿,196 €,4061587500,1283603946,image_1283603946_product_4061587500
1 Pc Cute Cartoon Voyage Portable Protection Brosse À Dents Head Hôtel,2582,Jardin & extérieur,🌿,193 €,4061580051,1283474449,image_1283474449_product_4061580051
Encastrable De Jardin Blanc Balda H32 Cm 1 Ampoule,2582,Jardin & extérieur,🌿,144 €,3128691702,1192480770,image_1192480770_product_3128691702
Porte-Bouteilles Nook Petit Kit De 9 - Casier À Bouteilles Avec Un Sys,2582,Jardin & extérieur,🌿,159 €,4223030831,1321745536,image_1321745536_product_4223030831
Pot Et Soucoupe Jaime Diametre 35cm H37cm- Chapelu-Anthracite,2582,Jardin & extérieur,🌿,61 €,1495670377,1088517213,image_1088517213_product_1495670377
Home Women Waterproof Cute Cartoon Kitchen Restaurant Cooking Bib Apro,2582,Jardin & extérieur,🌿,129 €,4061637901,1283969081,image_1283969081_product_4061637901
Intex Pompe de filtration à sable Krystal Clear 26644GS | Gris - Filtr,2583,Piscine & spa,🏊,61 €,3969948881,1274895266,image_1274895266_product_3969948881
Prise balai - Standard de marque Astralpool - Catégorie Pièce à scelle,2583,Piscine & spa,🏊,74 €,1869200563,1107660166,image_1107660166_product_1869200563
Spa 4 places Eden - Acrylique Noir Marbré - Habillage Gris,2583,Piscine & spa,🏊,116 €,2695198425,1158121370,image_1158121370_product_2695198425
Cache piquet noir pour barrière - Beethoven,2583,Piscine & spa,🏊,129 €,2695197168,1158120615,image_1158120615_product_2695197168
9 dalles de protection 60x60cm (3.24m²),2583,Piscine & spa,🏊,12 €,3819977578,1249533299,image_1249533299_product_3819977578
Balai de piscine automatique Derby Vac - Kokido,2583,Piscine & spa,🏊,104 €,1876684313,1190866967,image_1190866967_product_1876684313
Pompe Filtration Vipool MJB Mono 250 cv,2583,Piscine & spa,🏊,91 €,233920158,959846003,image_959846003_product_233920158
Pompe filtration STA-RITE Série 5P2R 15 cv tri - Eau douce,2583,Piscine & spa,🏊,176 €,207151468,941621815,image_941621815_product_207151468
Échelle escalier et main courante - Main courante Inox 05 m - Astralpo,2583,Piscine & spa,🏊,178 €,1998118338,1119405850,image_1119405850_product_1998118338
Échelle Murale pour Piscine Enterrée Gre 40274,2583,Piscine & spa,🏊,108 €,2958502080,1176505239,image_1176505239_product_2958502080
Chlore choc waterblue pastilles 20g - 40kg,2583,Piscine & spa,🏊,190 €,3414348127,1211983052,image_1211983052_product_3414348127
Kit piscine bois Sunbay Cardamon 1218 x 427 x 146 m + Douche,2583,Piscine & spa,🏊,47 €,3850328520,1252627685,image_1252627685_product_3850328520
Écumeur pour bassin avec pompe Velda,2583,Piscine & spa,🏊,124 €,1154208868,1065778772,image_1065778772_product_1154208868
Robot R3 BARACUDA - OOGARDEN,2583,Piscine & spa,🏊,37 €,2826110226,1225886485,image_1225886485_product_2826110226
Entretien de l&#39;eau du spa pH PLUS HTH traitement en poudre 12kg,2583,Piscine & spa,🏊,164 €,2685228476,1157400130,image_1157400130_product_2685228476
Pompe Filtration ESPA Série Silver 22 Mono,2583,Piscine & spa,🏊,141 €,207151289,941622274,image_941622274_product_207151289
Protection pour les Bâches de piscine - 3m de long Couleur Terracotta,2583,Piscine & spa,🏊,11 €,831980324,1041682120,image_1041682120_product_831980324
Poignée Bleue Robot Hayward AquavacTiger Shark,2583,Piscine & spa,🏊,105 €,228684412,958601749,image_958601749_product_228684412
Traitement chlore CHLORIFIX micro-billes Bayrol 5kg,2583,Piscine & spa,🏊,156 €,284202413,981133266,image_981133266_product_284202413
Liner Pour Piscine de 915x457x132 cm. Toi 8918,2583,Piscine & spa,🏊,149 €,3898707436,1261172585,image_1261172585_product_3898707436
Sauna infrarouge Luxe Club - 4/5 places,2583,Piscine & spa,🏊,174 €,869283691,1045350932,image_1045350932_product_869283691
Spa Thalassa - 5 places - Acrylique Noir Marbré - Habillage Gris,2583,Piscine & spa,🏊,11 €,1173353290,1066929975,image_1066929975_product_1173353290
Joint couvercle et vanne filtre polyclair / platiclair plus,2583,Piscine & spa,🏊,26 €,3819977571,1249533270,image_1249533270_product_3819977571
BESTWAY Lounge et accessoires Super Sprawler - 188 x 115 cm,2583,Piscine & spa,🏊,169 €,3775998184,1243785503,image_1243785503_product_3775998184
Kit piscine acier blanc Gré Bora Bora ronde 320 x 122 m + Bâche hiver ,2583,Piscine & spa,🏊,114 €,3775275569,1243659643,image_1243659643_product_3775275569
INTEX Ombrelle pour piscine,2583,Piscine & spa,🏊,39 €,1100945086,1061145502,image_1061145502_product_1100945086
Nage à contre courant hors bord jet luxe jl50,2583,Piscine & spa,🏊,123 €,2940638858,1174587238,image_1174587238_product_2940638858
zodiac - electrolyseur au sel 110m3 gensalt ot 25,2583,Piscine & spa,🏊,51 €,3851795418,1252796856,image_1252796856_product_3851795418
Chariot électrique pvc compatible raptor,2583,Piscine & spa,🏊,17 €,3819983851,1249536024,image_1249536024_product_3819983851
Bestway Ensemble de piscine Steel Pro MAX Rond 457x122 cm 56438,2583,Piscine & spa,🏊,71 €,3910821644,1262733052,image_1262733052_product_3910821644
Sablier Minuterie Horloge Bureau Décoration Chambre de bébé MagiDeal,2583,Piscine & spa,🏊,102 €,4214354264,1319412668,image_1319412668_product_4214354264
Kit Chauffage Solaire Piscine |,2583,Piscine & spa,🏊,88 €,3855161599,1253151587,image_1253151587_product_3855161599
800 Bandelettes De Papier Ph - 10 Carnets De 80 - Test -Testeur acidit,2583,Piscine & spa,🏊,59 €,1970089236,1117340378,image_1117340378_product_1970089236
TECHIT Bâche légere spéciale stere de bois 68g/m² - 1.5 x 6m,2583,Piscine & spa,🏊,121 €,2332095810,1136544129,image_1136544129_product_2332095810
Ph Plus Poudre 1.2 Kg,2583,Piscine & spa,🏊,88 €,157238112,913109935,image_913109935_product_157238112
Piscine autoportée Easy Set 244 x 076 m + bâche - Intex,2583,Piscine & spa,🏊,91 €,2887023704,1190252286,image_1190252286_product_2887023704
Chlore choc waterblue 60 granulés 30kg,2583,Piscine & spa,🏊,199 €,3414348111,1211983032,image_1211983032_product_3414348111
Bâche hiver Cover 1 pour piscine Lulu - 580 gr/m²,2583,Piscine & spa,🏊,102 €,1158987671,1065997229,image_1065997229_product_1158987671
Aquaservice 261037 Vidange-purge complète - Magic-Naja-Viper - Python ,2583,Piscine & spa,🏊,76 €,3760544759,1241754465,image_1241754465_product_3760544759
barrière de sécurité pour piscine,2583,Piscine & spa,🏊,197 €,2877979184,1169863876,image_1169863876_product_2877979184
VijverTechniek (VT) Pompe de bassin Econo 4 000,2583,Piscine & spa,🏊,112 €,1118849551,1121264895,image_1121264895_product_1118849551
Lunettes de Natation Sport Bestway 21003,2583,Piscine & spa,🏊,69 €,3898711168,1261192125,image_1261192125_product_3898711168
Cartouche de filtration Pentair pour Filtres RAINBOW Pentair DCS 15,2583,Piscine & spa,🏊,25 €,207151488,941621990,image_941621990_product_207151488
Bâche hiver pour piscine Lulu - 280 gr/m² - Bleu,2583,Piscine & spa,🏊,125 €,1158987674,1065997650,image_1065997650_product_1158987674
sta rite - pompe à filtration 0.5 cv 8.5m3/h mono 5p2rc1,2583,Piscine & spa,🏊,9 €,853455919,1043841049,image_1043841049_product_853455919
Kit piscine acier aspect rotin Gré Rattan ovale 744 x 399 x 132 m + Bâ,2583,Piscine & spa,🏊,196 €,3785187793,1244540939,image_1244540939_product_3785187793
Parfum pour spa 200 ml - Oriental,2583,Piscine & spa,🏊,143 €,2041885663,1190251046,image_1190251046_product_2041885663
Robot de piscine Kreepy Krauly SandShark,2583,Piscine & spa,🏊,18 €,269653642,973607920,image_973607920_product_269653642
Coffre de filtration en bois - Ubbink,2583,Piscine & spa,🏊,94 €,303052219,995102714,image_995102714_product_303052219
Buse de refoulement Hayward,2583,Piscine & spa,🏊,62 €,1799394296,1102400063,image_1102400063_product_1799394296
Ensemble d'écumoire de piscine 8 pcs 21x25x305 cm,2583,Piscine & spa,🏊,171 €,3929890054,1265206898,image_1265206898_product_3929890054
Nettoyant concentré pour SPA - OOGARDEN,2583,Piscine & spa,🏊,22 €,3828299567,1250005479,image_1250005479_product_3828299567
Spa 4 ou 5 personnes,2583,Piscine & spa,🏊,171 €,2414352422,1141171967,image_1141171967_product_2414352422
Pompe Swimmey 0.5 CV - 6 m3/h - SW12 M - Monophasée,2583,Piscine & spa,🏊,15 €,269653443,973607087,image_973607087_product_269653443
swimline - bâche d'hiver ovale 365x731m pour piscine hors sol 0330011 ,2583,Piscine & spa,🏊,198 €,596125088,1030225562,image_1030225562_product_596125088
Tube pvc pression pn10 Ø63 - 1 ml,2583,Piscine & spa,🏊,12 €,3819982842,1249535641,image_1249535641_product_3819982842
Kit piscine bois Sunbay Anise 918 x 327 x 146 m + Alarme + Spot,2583,Piscine & spa,🏊,68 €,3850328244,1252627061,image_1252627061_product_3850328244
Sac de sable 2 x 25 kg,2583,Piscine & spa,🏊,56 €,2940638359,1174584460,image_1174584460_product_2940638359
Mini thermomètre de piscine Bouchon Kerlis,2583,Piscine & spa,🏊,10 €,2777264413,1165820275,image_1165820275_product_2777264413
Kit piscine hors-sol acier fidji ronde Ø460x120 cm,2583,Piscine & spa,🏊,164 €,3067204180,1188538799,image_1188538799_product_3067204180
Île Gonflable Licorne Iris 132 x 110 x 78 cm Creaciones Llopis 6493,2583,Piscine & spa,🏊,44 €,3898711233,1261192962,image_1261192962_product_3898711233
Canoë 2 places - Explorer K2 - Intex,2583,Piscine & spa,🏊,66 €,2725730950,1160747315,image_1160747315_product_2725730950
Recharge pastilles trousse analyse Bayrol POOL TESTER,2583,Piscine & spa,🏊,37 €,299492739,991801366,image_991801366_product_299492739
Kit d'entretien pour SPA épuisette brosse gant de lavage 58421,2583,Piscine & spa,🏊,126 €,3991546120,1272906707,image_1272906707_product_3991546120
Bache de protection BESTWAY pour piscine diam 305m,2583,Piscine & spa,🏊,176 €,231451737,959218573,image_959218573_product_231451737
Pompe europlus 2cv tri,2583,Piscine & spa,🏊,34 €,2940639565,1174589969,image_1174589969_product_2940639565
Kit piscine bois Sunbay Bogota 585 x 410 x 119 m + Douche + Spot,2583,Piscine & spa,🏊,149 €,3850328369,1252627323,image_1252627323_product_3850328369
Pompe Pentair UltraFlow Plus 3 cv Tri - 32 m3/h P-UFL-303,2583,Piscine & spa,🏊,60 €,269653442,973607206,image_973607206_product_269653442
SP-1434 Piscine massage piscine Buse massage Spa Piscine Accessoires d,2583,Piscine & spa,🏊,124 €,4114172720,1292835977,image_1292835977_product_4114172720
Piscine Aspect Graphite Ovale 730 x 375 x 132 cm Granada Gre KITPROV73,2583,Piscine & spa,🏊,184 €,2958499427,1176503630,image_1176503630_product_2958499427
Kit piscine tubulaire rectangulaire 260 x 160 x 065 m + épurateur 125 ,2583,Piscine & spa,🏊,70 €,3245709683,1201325141,image_1201325141_product_3245709683
dolphin - robot electrique de piscine fond parois et ligne d'eau avec ,2583,Piscine & spa,🏊,99 €,3731088527,1238968260,image_1238968260_product_3731088527
Couverture à bulles de piscine -Eté - hexagone 312 x 267 m,2583,Piscine & spa,🏊,47 €,2920940578,1172791568,image_1172791568_product_2920940578
Kit piscine enterrée P-PSC rectangulaire hauteur 125 cm,2583,Piscine & spa,🏊,160 €,4128274527,1295960153,image_1295960153_product_4128274527
Marches de spa blanches,2583,Piscine & spa,🏊,160 €,2035478954,1121420244,image_1121420244_product_2035478954
Thermomètre Piscine Baignoire Bassin Flottant Température Natation Ave,2583,Piscine & spa,🏊,196 €,4214364235,1319429821,image_1319429821_product_4214364235
Badujet Vogue Tri avec LED de marque Procopi - Catégorie Kit nage cont,2583,Piscine & spa,🏊,188 €,3382587312,1209717640,image_1209717640_product_3382587312
Ampoule LED d'exterieur BOT Retro - O13 x 20 cm - 4 piles AA,2583,Piscine & spa,🏊,34 €,4019303461,1277040107,image_1277040107_product_4019303461
Arebos Douche Solaire de Jardin Camping Piscine Douche Exterieur 40 L,2583,Piscine & spa,🏊,46 €,3002341861,1182250477,image_1182250477_product_3002341861
VijverTechniek (VT) Pompe pour fontaine Super 4 000,2583,Piscine & spa,🏊,84 €,1118849550,1121269412,image_1121269412_product_1118849550
Pompe de filtration Speck Badu 95,2583,Piscine & spa,🏊,32 €,4128438372,1295960373,image_1295960373_product_4128438372
Kit piscine tubulaire 3m66 x H 0.76 cm en métal ronde - Epurateur à ca,2583,Piscine & spa,🏊,153 €,4214341342,1317645854,image_1317645854_product_4214341342
Sauna infrarouge cabine 2-3 places APOLLON 2130W,2583,Piscine & spa,🏊,11 €,212343152,949385521,image_949385521_product_212343152
BESTWAY Kit de traitement de l'eau spa,2583,Piscine & spa,🏊,84 €,2345324385,1140586795,image_1140586795_product_2345324385
LA REINE DES NEIGES - Bain de Soleil,2583,Piscine & spa,🏊,152 €,3775998188,1243785517,image_1243785517_product_3775998188
Pis Tub 732x366x132m FS8.5CEGSetsable - OOGARDEN,2583,Piscine & spa,🏊,178 €,3940039902,1266805631,image_1266805631_product_3940039902
Abri pour piscine hors-sol et spa gonflable,2583,Piscine & spa,🏊,101 €,2745856892,1190258587,image_1190258587_product_2745856892
Douche solaire 20 L Aluminium HDPE,2583,Piscine & spa,🏊,106 €,3938140261,1266342861,image_1266342861_product_3938140261
Marches de spa noires |,2583,Piscine & spa,🏊,188 €,3855161618,1253151976,image_1253151976_product_3855161618
Panier prefiltre pour pompe sena / platiclair plus 10m3/h,2583,Piscine & spa,🏊,55 €,3819982038,1249535218,image_1249535218_product_3819982038
"Cache ventilateur superpump et max flo 2 cv 15"" et 2",2583,Piscine & spa,🏊,24 €,3819982108,1249535242,image_1249535242_product_3819982108
Pure SPA rond à bulles LED 6 places - OOGARDEN,2583,Piscine & spa,🏊,156 €,2810852760,1225886269,image_1225886269_product_2810852760
Vanne universelle 7 arrivées - 6 positions - 1&#34;1/2 de marque Haywa,2583,Piscine & spa,🏊,181 €,1998122009,1119407618,image_1119407618_product_1998122009
Linxor - Bâche à Bulles 300 microns Piscine 3m x 11m,2583,Piscine & spa,🏊,165 €,1951685748,1317996370,image_1317996370_product_1951685748
Joint moteur silen2 200m,2583,Piscine & spa,🏊,67 €,3819982354,1249535298,image_1249535298_product_3819982354
Kit piscine acier blanc Gré Fidji ronde 570 x 122 m + Tapis de sol + K,2583,Piscine & spa,🏊,31 €,3775276265,1243660157,image_1243660157_product_3775276265
Huiles essentielles Eucalyptus - Menthe Aromathérapie Spa Jacuzzi,2583,Piscine & spa,🏊,183 €,1838575203,1104584455,image_1104584455_product_1838575203
Galets 200g de chlore Marina pour piscine 25m3 - 5 kg,2583,Piscine & spa,🏊,82 €,3958959522,1269455597,image_1269455597_product_3958959522
Pompe à chaleur poolex triline selection 25 kw,2583,Piscine & spa,🏊,180 €,3819978145,1249534097,image_1249534097_product_3819978145
Kit piscine acier blanc Gré Bora Bora ovale 527 x 327 x 122 m + Tapis ,2583,Piscine & spa,🏊,158 €,3813570941,1247849112,image_1247849112_product_3813570941
Nettoyant filtre hth Filterwash - 3 litres - OOGARDEN,2583,Piscine & spa,🏊,35 €,532978714,1225886850,image_1225886850_product_532978714
Filtre Vita Spa 80502 / PVT50W / C-8350,2583,Piscine & spa,🏊,149 €,4125633552,1295220830,image_1295220830_product_4125633552
Enjoliveur Roue pour robot électrique Hayward,2583,Piscine & spa,🏊,15 €,2832752207,1190252627,image_1190252627_product_2832752207
Filet anti-feuilles pour piscine,2583,Piscine & spa,🏊,93 €,4230140856,1322901479,image_1322901479_product_4230140856
Bouée gonflable Mega Swan Island 56287EU,2583,Piscine & spa,🏊,141 €,3929900594,1265216049,image_1265216049_product_3929900594
Solution tampon - pH 7 de Astralpool - Régulation piscine,2583,Piscine & spa,🏊,114 €,4182893183,1310087134,image_1310087134_product_4182893183
Brome waterblue pastilles 20kg,2583,Piscine & spa,🏊,174 €,3589914260,1225410249,image_1225410249_product_3589914260
Intex Toboggan aquatique gonflable Surf 'n Slide 57159NP | Bleu - Acce,2583,Piscine & spa,🏊,99 €,3969948894,1276692215,image_1276692215_product_3969948894
Spa Edna - 4 Places - Acrylique Blanc - Habillage Gris,2583,Piscine & spa,🏊,22 €,1173353181,1066930152,image_1066930152_product_1173353181
polaris - robot de nettoyage + surpresseur compatible eau salée + coff,2583,Piscine & spa,🏊,134 €,1363982071,1076486131,image_1076486131_product_1363982071
Sortie de bain à visser,2583,Piscine & spa,🏊,170 €,1524073323,1087480346,image_1087480346_product_1524073323
Bâche Isothermique Pour Piscine De 350 cm. Toi 4922,2583,Piscine & spa,🏊,92 €,3028261970,1186394441,image_1186394441_product_3028261970
Repose tête pour SPA BESTWAY,2583,Piscine & spa,🏊,8 €,561676574,1110393395,image_1110393395_product_561676574
Rose Pliant Sauna Box Sauna portable à vapeur SPA interieur pliable Mé,2583,Piscine & spa,🏊,112 €,2646579412,1154987255,image_1154987255_product_2646579412
Gre - Douche solaire aspect bois carrée 32 litres - 32 L,2583,Piscine & spa,🏊,130 €,2982329439,1178210385,image_1178210385_product_2982329439
hayward - cartouche filtrante de rechange pour filtre c0550 cx0550re,2583,Piscine & spa,🏊,32 €,591829983,1029511497,image_1029511497_product_591829983
Bâche à bulles bordée 400µ - 400 x 820 - Ubbink,2583,Piscine & spa,🏊,115 €,1413007172,1078972016,image_1078972016_product_1413007172
Kit piscine acier aspect bois Gré Sicilia ovale 527 x 327 x 122 m + Bâ,2583,Piscine & spa,🏊,97 €,3813571462,1247849811,image_1247849811_product_3813571462
Stand Up Paddle gonflable R1 - Zray,2583,Piscine & spa,🏊,167 €,2974260319,1178210521,image_1178210521_product_2974260319
MSpa Bain de pieds gonflable B0301367N | Blanc - Piscine et spa - Acce,2583,Piscine & spa,🏊,122 €,3969948910,1284473614,image_1284473614_product_3969948910
3/4 à 1 po W / Etape Clé de contact gaz Poulie Vilebrequin Manche Adap,2585,Bricolage,🔧,186 €,4052932507,1281721388,image_1281721388_product_4052932507
Serrure tactile Aqara Smart Door pour la sécurité du domicile (produit,2585,Bricolage,🔧,44 €,4045104205,1280417950,image_1280417950_product_4045104205
Kit de rechange pour sécateur professionnel M (1020204) et L (1020203),2585,Bricolage,🔧,116 €,2822146273,1195848999,image_1195848999_product_2822146273
Sport Cleaner Cuir Toile blanchisseur 50ml Chaussure propre blanc avec,2585,Bricolage,🔧,50 €,4130473032,1296403736,image_1296403736_product_4130473032
100FT 30m Tuyau d'arrosage rétractable arrosage 3 fois extensible avec,2585,Bricolage,🔧,192 €,4137158786,1297751443,image_1297751443_product_4137158786
Style de danse chinoise robe de soirée de dentelle de soie pliant à ma,2585,Bricolage,🔧,138 €,3906636182,1262292252,image_1262292252_product_3906636182
19-in-1 multi-outils combinaison compacte de flocon de neige Wrenches ,2585,Bricolage,🔧,171 €,4202302175,1314404658,image_1314404658_product_4202302175
Piscine épuisette avec piscine Nettoyage télescopique en aluminium Pôl,2585,Bricolage,🔧,74 €,4179733379,1309703900,image_1309703900_product_4179733379
Bobine Twist 2 Pieces pour coupe-bordure Powxg30033/Xg30035,2585,Bricolage,🔧,162 €,3041349784,1187011288,image_1187011288_product_3041349784
vhbw 10x aspirateur sachets sacs d&#39;aspirateur matière non tissée p,2585,Bricolage,🔧,142 €,3067034701,1188522644,image_1188522644_product_3067034701
POWERPLUS Tronçonneuse 2000 W 356 mm,2585,Bricolage,🔧,128 €,2350123450,1137657211,image_1137657211_product_2350123450
Mur de sol en céramique plat Outils de construction Carreaux réutilisa,2585,Bricolage,🔧,124 €,4202303685,1314498513,image_1314498513_product_4202303685
2pcs 6-in-1 Golf Groove Sharpener face Outils Groove Cleaner Sharpener,2585,Bricolage,🔧,116 €,4202305155,1314574032,image_1314574032_product_4202305155
pompe pour jet d'eau et fontaine 70w aquarius foutain set 3500 Ex Aqua,2585,Bricolage,🔧,192 €,3920106316,1263662890,image_1263662890_product_3920106316
Black & Decker Cisaille à gazon 36V Li-Ion GSL200,2585,Bricolage,🔧,156 €,201136890,938767192,image_938767192_product_201136890
HEPA Filtre lavable Kit de nettoyage pour outils sans fil Xiaomi V9 As,2585,Bricolage,🔧,73 €,4229797298,1321997263,image_1321997263_product_4229797298
Brouette thermique automotrice CARRY moteur Honda GCV 135 - 35 CV - ca,2585,Bricolage,🔧,87 €,279209187,978059072,image_978059072_product_279209187
Canapé gonflable Air Canapé Lazy oreiller imperméable Lazy Portable Pl,2585,Bricolage,🔧,67 €,4202304848,1314562234,image_1314562234_product_4202304848
ORIGINAL- Pièces de rechange Dust Box Bin Pour Xiaomi mi Roborock Aspi,2585,Bricolage,🔧,27 €,4229797539,1322006914,image_1322006914_product_4229797539
Ampel 24 lot de 12 petits tendeurs élastiques à boule blancs | univers,2585,Bricolage,🔧,76 €,1887688258,1181523313,image_1181523313_product_1887688258
Multifonctionnel Cleaner adhésif et autocollant rapide Remover Autocol,2585,Bricolage,🔧,120 €,4130473225,1296411311,image_1296411311_product_4130473225
vhbw 5 x Sacs microfibres pour aspirateur aspirateur robot Privileg / ,2585,Bricolage,🔧,67 €,3109429116,1191491219,image_1191491219_product_3109429116
Voiture Climatisation automatique R134A Réfrigérant Recharge de mesure,2585,Bricolage,🔧,197 €,4052932486,1281720526,image_1281720526_product_4052932486
Film de serre 200 microns incolore - Longueur : 17.50 m Largeur : 2.50,2585,Bricolage,🔧,123 €,3773714209,1243382001,image_1243382001_product_3773714209
Pile plate Lithium pour balance,2585,Bricolage,🔧,150 €,4234598026,1323616858,image_1323616858_product_4234598026
Poignée tubulaire adaptable tronçonneuse Husqvarna 394 et 395,2585,Bricolage,🔧,161 €,4187584176,1311445737,image_1311445737_product_4187584176
Filtre à huile moteur fc150v pour Tondeuse a gazon John deere Tracteur,2585,Bricolage,🔧,176 €,4211508781,1317002718,image_1317002718_product_4211508781
Panneaux de terrasse avec accessoires WPC 20 m² 22 m Gris,2585,Bricolage,🔧,102 €,3925134129,1264277658,image_1264277658_product_3925134129
En alliage d'aluminium Mitre Bar Curseur Scie à table Gauge Rod Outil ,2585,Bricolage,🔧,91 €,3906641363,1262366821,image_1262366821_product_3906641363
Constellations. Des Mondes Pour Jouer,2705,Littérature,📗,12 €,613853325,1115235083,image_1115235083_product_613853325
Bakuon Rettô - Tome 5,2705,Littérature,📗,131 €,457192327,1012072086,image_1012072086_product_457192327
Les Comptes De L'amère Loi? Du Changement,2705,Littérature,📗,88 €,3212212978,1198144030,image_1198144030_product_3212212978
Fiche De Lecture La Fortune Des Rougon (Résumé Détaillé Et Analyse Lit,2705,Littérature,📗,51 €,3594364486,1267061098,image_1267061098_product_3594364486
N'oublions Pas De Penser La France,2705,Littérature,📗,129 €,278395544,1308857331,image_1308857331_product_278395544
Les Otages De L'imâm,2705,Littérature,📗,59 €,1100134563,1198680767,image_1198680767_product_1100134563
Nos Agents À La Havane : Comment Les Cubains Ont Ridiculisé La C.I.A,2705,Littérature,📗,95 €,2010567734,1121334641,image_1121334641_product_2010567734
A Mourir De Rire,2705,Littérature,📗,71 €,991423049,1052643996,image_1052643996_product_991423049
Le Dernier Humoriste Anglais Charles Lamb,2705,Littérature,📗,92 €,1922103996,1112216357,image_1112216357_product_1922103996
Oeuvres De Amédée Achard,2705,Littérature,📗,76 €,3219289882,1198838176,image_1198838176_product_3219289882
L'état Maquereau Ou La Perversion Du Système Français,2705,Littérature,📗,157 €,2010568142,1121334454,image_1121334454_product_2010568142
L'intelligence De La Relation En Coaching,2705,Littérature,📗,184 €,899458998,1308837237,image_1308837237_product_899458998
La Chèvre Aux Loups,2705,Littérature,📗,75 €,278572694,1065503986,image_1065503986_product_278572694
5 Récits Sensuels Et Orgamisques,2705,Littérature,📗,147 €,3478122871,1309748888,image_1309748888_product_3478122871
Au-Delà De La Religion,2705,Littérature,📗,7 €,281982634,1308846392,image_1308846392_product_281982634
L'art De Faire Gouverner Et Perfectionner Les Vins,2705,Littérature,📗,137 €,1541458055,1088660955,image_1088660955_product_1541458055
Retour À La Butte À Pétard,2705,Littérature,📗,53 €,278585669,1074606627,image_1074606627_product_278585669
Trois Éclats Toutes Les Vingt Secondes,2705,Littérature,📗,26 €,370550105,1308849230,image_1308849230_product_370550105
Mémoires De Hector Berlioz Comprenant Ses Voyages En Italie En Allemag,2705,Littérature,📗,66 €,278578118,977999362,image_977999362_product_278578118
Shola Et Les Lions,2705,Littérature,📗,189 €,299166489,1075975859,image_1075975859_product_299166489
David Smith Sculptures 1933-1964 (Paris - 2006),2705,Littérature,📗,109 €,1566864876,1309988875,image_1309988875_product_1566864876
Ushijima L'usurier De L'ombre - Tome 35 - Ushijima L'usurier De L'ombr,2705,Littérature,📗,130 €,2445072737,1263098517,image_1263098517_product_2445072737
Jeune Larbin En Service Permanent,2705,Littérature,📗,147 €,2800909706,1310139075,image_1310139075_product_2800909706
Les Mystiques Espagnols - Malon De Chaide Jean D'avila Louis De Grenad,2705,Littérature,📗,199 €,2588922276,1240264290,image_1240264290_product_2588922276
Michael L. Tushman - Entre Adaptation Et Changement Stratégique Quelle,2705,Littérature,📗,66 €,3212234554,1198155813,image_1198155813_product_3212234554
Ios 5 : Développement D'applications Avancées,2705,Littérature,📗,181 €,278527466,977716292,image_977716292_product_278527466
La Bible Du Bio Dans Ma Cuisine,2705,Littérature,📗,126 €,844671441,1042759702,image_1042759702_product_844671441
Mémoire D'un Autre Temps Au Rwanda - Tome 1,2705,Littérature,📗,170 €,538532569,1198205932,image_1198205932_product_538532569
Victor Va Sur Mars,2705,Littérature,📗,187 €,278786828,1309033291,image_1309033291_product_278786828
L'île Au Trésor De Robert Louis Stevenson (Les Fiches De Lecture D'uni,2705,Littérature,📗,130 €,571115053,1027399957,image_1027399957_product_571115053
L'art De La Magie Aux Herbes Wicca,2705,Littérature,📗,119 €,2643685677,1154744423,image_1154744423_product_2643685677
Les Oliviers De Samarie,2705,Littérature,📗,9 €,1100134507,1198683750,image_1198683750_product_1100134507
Sauvage Était La Côte,2705,Littérature,📗,28 €,278522079,1261008712,image_1261008712_product_278522079
Assassin's Creed Syndicate ? The Last Maharaja (Extension Dlc) - Jeu E,2905,Jeux vidéo dématérialisés,💾,80 €,1878218292,1108739548,image_1108739548_product_1878218292
Sea Bounty - Jeu En Téléchargement,2905,Jeux vidéo dématérialisés,💾,61 €,1711729785,1100061836,image_1100061836_product_1711729785
Emma And The Inventor - Jeu En Téléchargement,2905,Jeux vidéo dématérialisés,💾,108 €,1711732463,1100072702,image_1100072702_product_1711732463
Giana Sisters Bundle - Jeu En Téléchargement,2905,Jeux vidéo dématérialisés,💾,182 €,2527236772,1146981738,image_1146981738_product_2527236772
Mystery Trackers: La Dame De Coeur Édition Collector - Jeu En Téléchar,2905,Jeux vidéo dématérialisés,💾,67 €,3117328952,1191820161,image_1191820161_product_3117328952
Tom Clancy's The Division - Pack Tenues De Spécialistes Militaires (Ex,2905,Jeux vidéo dématérialisés,💾,83 €,1878218295,1108738856,image_1108738856_product_1878218295
Project Highrise: Architects - Jeu En Téléchargement,2905,Jeux vidéo dématérialisés,💾,174 €,3716121905,1236935338,image_1236935338_product_3716121905
Anno 2205 Ultimate Edition - Jeu En Téléchargement,2905,Jeux vidéo dématérialisés,💾,153 €,1878218215,1108738786,image_1108738786_product_1878218215
Alan Wake's American Nightmare - Jeu En Téléchargement,2905,Jeux vidéo dématérialisés,💾,99 €,1711732692,1100064632,image_1100064632_product_1711732692
Crusader Kings Ii: Rajas Of India - Dlc - Jeu En Téléchargement,2905,Jeux vidéo dématérialisés,💾,126 €,1711734886,1100083529,image_1100083529_product_1711734886
Casper - Magischer Spielzeugladen [Import Allemand] [Jeu Pc],40,Jeux vidéo & jouets,🕹️,146 €,190543036,933446023,image_933446023_product_190543036
Peter Jackson's King Kong The Official Game Of The Movie - Ensemble Co,40,Jeux vidéo & jouets,🕹️,140 €,16378945,946273069,image_946273069_product_16378945
Playstation 2 - Uefa Champions League 2004-2005,40,Jeux vidéo & jouets,🕹️,93 €,1081090327,1057732237,image_1057732237_product_1081090327
Transformers - Le Jeu,40,Jeux vidéo & jouets,🕹️,113 €,55518300,647515744,image_647515744_product_55518300
Echoes Of The Past - Le Château Des Ombres,40,Jeux vidéo & jouets,🕹️,195 €,176360610,926315033,image_926315033_product_176360610
X Bladez In-Line Skater,40,Jeux vidéo & jouets,🕹️,145 €,1018769,1001469,image_1001469_product_1018769
Grand Theft Auto Iii + Gta Vice City (Version Us Ntsc),40,Jeux vidéo & jouets,🕹️,89 €,1766055,38779130,image_38779130_product_1766055
Madden Nfl 15 [Import Anglais],40,Jeux vidéo & jouets,🕹️,95 €,2977275690,1177616726,image_1177616726_product_2977275690
Motorstorm - Arctic Edge - Essentials [Import Allemand] [Jeu Psp],40,Jeux vidéo & jouets,🕹️,184 €,190107068,933253698,image_933253698_product_190107068
Postbote Pat : Ab Geht Die Post! [Import Allemand] [Jeu Pc],40,Jeux vidéo & jouets,🕹️,121 €,199843658,938202077,image_938202077_product_199843658
Circus Tycoon - Gold Edition,40,Jeux vidéo & jouets,🕹️,74 €,81531858,874731724,image_874731724_product_81531858
Saiyuki Reload Version Jap,40,Jeux vidéo & jouets,🕹️,83 €,3566804107,1222041466,image_1222041466_product_3566804107
Conquests Of The Ages Coffret Big Box,40,Jeux vidéo & jouets,🕹️,69 €,1356351418,1075969007,image_1075969007_product_1356351418
One Piece Unlimited World Red - Day One Edition,40,Jeux vidéo & jouets,🕹️,64 €,286448658,982848097,image_982848097_product_286448658
Rachel's Retreat [Import Allemand] [Jeu Pc],40,Jeux vidéo & jouets,🕹️,35 €,190109005,933258169,image_933258169_product_190109005
Max Payne 2 : The Fall Of Max Payne,40,Jeux vidéo & jouets,🕹️,189 €,1832559,42668430,image_42668430_product_1832559
Sethi Et La Tribu De Neandertal,40,Jeux vidéo & jouets,🕹️,54 €,4269521,298657436,image_298657436_product_4269521
Diablo Ii [Coffret Édition Limitée],40,Jeux vidéo & jouets,🕹️,85 €,929166,482710,image_482710_product_929166
Watch Dogs Vigilante Edition,40,Jeux vidéo & jouets,🕹️,35 €,298696566,1006535707,image_1006535707_product_298696566
Big Bang Board Games [Import Anglais] [Jeu Pc],40,Jeux vidéo & jouets,🕹️,195 €,190095993,933238248,image_933238248_product_190095993
Assassin's Creed: Odyssey Ps4,40,Jeux vidéo & jouets,🕹️,142 €,3476373537,1216004838,image_1216004838_product_3476373537
Magideal Nes 500 En 1 Cartouche De Jeu Pour La Console Du Système De D,40,Jeux vidéo & jouets,🕹️,200 €,4141733951,1299559262,image_1299559262_product_4141733951
Tour De France 2011,40,Jeux vidéo & jouets,🕹️,181 €,118306051,874748954,image_874748954_product_118306051
Borderlands - The Pre-Sequel !,40,Jeux vidéo & jouets,🕹️,52 €,288040998,985456723,image_985456723_product_288040998
Playstation Minna No Golf (Playstation The Best) Import Japonais,40,Jeux vidéo & jouets,🕹️,54 €,238329733,961869426,image_961869426_product_238329733
The Train Giant (A-Train 9),40,Jeux vidéo & jouets,🕹️,60 €,158383475,919931141,image_919931141_product_158383475
Demolition Company - Édition Gold [Import Allemand] [Jeu Pc],40,Jeux vidéo & jouets,🕹️,194 €,190101059,933247060,image_933247060_product_190101059
Keiba Navi: Uma No Suke 2[Import Japonais],40,Jeux vidéo & jouets,🕹️,128 €,138464443,891734983,image_891734983_product_138464443
Ranma 1/2 - Bakuretsu Rantou Hen,40,Jeux vidéo & jouets,🕹️,75 €,66204732,834043298,image_834043298_product_66204732
Marvel Land - Megadrive - Jap,40,Jeux vidéo & jouets,🕹️,190 €,72713162,844573308,image_844573308_product_72713162
Teclast Nox Clé Usb 2.0 Disque Metal U,50,Accessoires gaming,🎧,155 €,4165405910,1305350958,image_1305350958_product_4165405910
Télécommande Wiimote Pour Nintendo Wii Et Wii U - Rouge,50,Accessoires gaming,🎧,199 €,2849191213,1168092626,image_1168092626_product_2849191213
Xcsource Manette De Jeu Joystick Blanche Pour Xbox One 360 Ac480,50,Accessoires gaming,🎧,139 €,2030408168,1121061072,image_1121061072_product_2030408168
Etui Hori Sacoche Metal Mario,50,Accessoires gaming,🎧,157 €,3464800726,1214966647,image_1214966647_product_3464800726
"Skylanders Superchargers ""Dive Clops""",50,Accessoires gaming,🎧,77 €,2134858058,1128338014,image_1128338014_product_2134858058
Pack Accessoires Pour Nds Et Nds Lite,50,Accessoires gaming,🎧,30 €,2393542727,1139914652,image_1139914652_product_2393542727
¿¿Tui De Protection Dockable Protection Ultra-Mince En Cristal Mince C,50,Accessoires gaming,🎧,54 €,4210982303,1316991558,image_1316991558_product_4210982303
Amiibo Animal Crossing - Marie,50,Accessoires gaming,🎧,80 €,876058380,1046553943,image_1046553943_product_876058380
Élément De Jeu - Notice - Crash Bandicoot 2 Platinum - Playstation 1 -,50,Accessoires gaming,🎧,63 €,2518669694,1160778588,image_1160778588_product_2518669694
Ipega Pg-9087s Manette De Jeu Pour Téléphone Avec Manette De Jeu Bluet,50,Accessoires gaming,🎧,97 €,3939627232,1266695840,image_1266695840_product_3939627232
Pack Bigben Brico Utile Ds,50,Accessoires gaming,🎧,50 €,862569278,1044960468,image_1044960468_product_862569278
Stick Arcade Street Fighter 15th Anniv. Ps2 / Xbox,50,Accessoires gaming,🎧,82 €,4137059337,1298277235,image_1298277235_product_4137059337
Volant Logitech Gran Turismo Ps2,50,Accessoires gaming,🎧,8 €,1153219719,1066220775,image_1066220775_product_1153219719
Dock Charge 2 Manettes Xbox One + 1 Batterie Undercontrol,50,Accessoires gaming,🎧,186 €,698296613,1036269526,image_1036269526_product_698296613
Souris Haribo Ours D'or - Sans Fil - 2.4 Ghz - 1000 Dpi,50,Accessoires gaming,🎧,141 €,3814916715,1248418081,image_1248418081_product_3814916715
Stylet Rose Pâle Pour Console Portable Nintendo Ds Lite.,50,Accessoires gaming,🎧,37 €,100382752,861728295,image_861728295_product_100382752
Headset Stereo Dragon Ball Ps4,50,Accessoires gaming,🎧,75 €,3155808727,1194222074,image_1194222074_product_3155808727
Support Socle Base Vertical Equilibre Refroidissement Pour Console Son,50,Accessoires gaming,🎧,16 €,601980636,1030675374,image_1030675374_product_601980636
Ecran  De Protection Pour Ps Vita - Applicateur Fourni,50,Accessoires gaming,🎧,18 €,156007604,972628409,image_972628409_product_156007604
Vip2store® Pour Xbox One Skin Autocollant Console De Jeu + Manettes,50,Accessoires gaming,🎧,146 €,1117362515,1063033351,image_1063033351_product_1117362515
Console Nintendo 2ds + Yo-Kai Watch Préinstallé,60,Consoles rétro,🎮,79 €,1499330820,1084626840,image_1084626840_product_1499330820
2019 16 Gb Rs-97 Rétrogame Console De Jeu Portable 64bit 3.0 Pouces Lc,60,Consoles rétro,🎮,183 €,4200875761,1316163590,image_1316163590_product_4200875761
10 Pièces Plug And Play Tv Portable 8-Bit Console De Jeu Vidéo Joueur ,60,Consoles rétro,🎮,37 €,4200879077,1316224879,image_1316224879_product_4200879077
Vacusg Portable Mini Console De Jeu Portable Intégré 168 Jeux Classiqu,60,Consoles rétro,🎮,168 €,4200876154,1316172268,image_1316172268_product_4200876154
620/621 Jeux Enfance Rétro Mini Classique 4 K Tv Av/Hdmi 8 Bits Consol,60,Consoles rétro,🎮,197 €,4200879714,1316233952,image_1316233952_product_4200879714
Powkiddy Rétro Portable Mini Console De Jeu De Poche 8 Bits 2.8 Pouces,60,Consoles rétro,🎮,130 €,4200883864,1316315098,image_1316315098_product_4200883864
10000 + Jeux 8g 4.3 Pouce Joueur De Jeu De Poche Mp5 Vidéo Fm Radio Ca,60,Consoles rétro,🎮,31 €,4200881156,1316257952,image_1316257952_product_4200881156
2019 Nouveau Hdmi Out Rétro Classique Lecteur De Jeu Portable Famille ,60,Consoles rétro,🎮,8 €,4200877788,1316209554,image_1316209554_product_4200877788
Trèfle D'abeille Mini 2.6 Pouces Écran Portable Console De Jeu Enfants,60,Consoles rétro,🎮,151 €,4200877639,1316206500,image_1316206500_product_4200877639
Console 3ds Rose Corail + Nintendogs + Cats Golden,60,Consoles rétro,🎮,77 €,144561035,1061736258,image_1061736258_product_144561035
