Timestamp,User Count,Type,Name,Requests/s,Failures/s,50%,66%,75%,80%,90%,95%,98%,99%,99.9%,99.99%,100%,Total Request Count,Total Failure Count,Total Median Response Time,Total Average Response Time,Total Min Response Time,Total Max Response Time,Total Average Content Size
1787344022,0,,Aggregated,0.000000,0.000000,N/A,N/A,N/A,N/A,N/A,N/A,N/A,N/A,N/A,N/A,N/A,0,0,0,0.0,0,0,0
1787344023,1,,Aggregated,0.000000,0.000000,510,510,510,510,510,510,510,510,510,510,510,2,0,292.73354199904134,399.0502295000624,292.73354199904134,505.3669170010835,606.0
1787344024,1,,Aggregated,0.000000,0.000000,510,510,510,510,510,510,510,510,510,510,510,2,0,292.73354199904134,399.0502295000624,292.73354199904134,505.3669170010835,606.0
1787344025,1,,Aggregated,0.000000,0.000000,510,510,510,510,510,510,510,510,510,510,510,2,0,292.73354199904134,399.0502295000624,292.73354199904134,505.3669170010835,606.0
1787344026,2,,Aggregated,1.000000,0.000000,300,300,330,330,510,510,510,510,510,510,510,6,1,290,240.3216461671036,8.032542000364629,505.3669170010835,283.6666666666667
1787344027,2,,Aggregated,1.000000,0.000000,300,300,330,330,510,510,510,510,510,510,510,6,1,290,240.3216461671036,8.032542000364629,505.3669170010835,283.6666666666667
1787344028,2,,Aggregated,1.000000,0.000000,300,300,330,330,510,510,510,510,510,510,510,6,1,290,240.3216461671036,8.032542000364629,505.3669170010835,283.6666666666667
1787344029,3,,Aggregated,1.200000,0.200000,300,330,330,330,510,510,510,510,510,510,510,7,1,300,252.6946194289589,8.032542000364629,505.3669170010835,269.14285714285717
1787344030,3,,Aggregated,1.000000,0.166667,330,330,510,510,870,870,870,870,870,870,870,8,1,300,330.0808858753044,8.032542000364629,871.7847509997227,367.625
1787344031,3,,Aggregated,1.000000,0.166667,330,330,510,510,870,870,870,870,870,870,870,8,1,300,330.0808858753044,8.032542000364629,871.7847509997227,367.625
1787344032,4,,Aggregated,1.000000,0.166667,330,330,510,510,870,870,870,870,870,870,870,8,1,300,330.0808858753044,8.032542000364629,871.7847509997227,367.625
1787344033,4,,Aggregated,0.888889,0.111111,290,330,330,330,510,870,870,870,870,870,870,11,1,290,293.56241709104904,8.032542000364629,871.7847509997227,475.27272727272725
1787344034,4,,Aggregated,0.800000,0.100000,290,300,330,330,510,870,870,870,870,870,870,12,1,290,283.87844483343844,8.032542000364629,871.7847509997227,523.25
1787344035,4,,Aggregated,0.800000,0.100000,290,300,330,330,510,870,870,870,870,870,870,12,1,290,283.87844483343844,8.032542000364629,871.7847509997227,523.25
1787344036,5,,Aggregated,0.900000,0.100000,290,300,330,330,510,870,870,870,870,870,870,14,1,270,263.3213247858553,8.032542000364629,871.7847509997227,466.2857142857143
1787344037,5,,Aggregated,0.900000,0.100000,290,300,330,330,510,870,870,870,870,870,870,14,1,270,263.3213247858553,8.032542000364629,871.7847509997227,466.2857142857143
1787344038,5,,Aggregated,1.000000,0.100000,270,290,330,330,510,870,870,870,870,870,870,15,1,270,259.77661700004927,8.032542000364629,871.7847509997227,504.8666666666667
1787344039,6,,Aggregated,0.800000,0.000000,270,290,330,330,510,870,870,870,870,870,870,16,1,250,259.26516175013603,8.032542000364629,871.7847509997227,484.625
1787344040,6,,Aggregated,0.800000,0.000000,270,290,330,330,670,870,870,870,870,870,870,20,2,250,258.0809815000066,8.032542000364629,871.7847509997227,455.75
1787344041,6,,Aggregated,0.900000,0.000000,250,290,300,330,510,670,870,870,870,870,870,21,2,250,253.83360738097898,8.032542000364629,871.7847509997227,483.6190476190476
1787344042,7,,Aggregated,0.900000,0.000000,250,290,300,330,510,670,870,870,870,870,870,21,2,250,253.83360738097898,8.032542000364629,871.7847509997227,483.6190476190476
1787344043,7,,Aggregated,1.200000,0.100000,250,290,300,330,510,670,870,870,870,870,870,23,2,250,244.92044226091187,8.032542000364629,871.7847509997227,452.39130434782606
1787344044,7,,Aggregated,1.200000,0.100000,250,290,300,330,510,670,870,870,870,870,870,23,2,250,244.92044226091187,8.032542000364629,871.7847509997227,452.39130434782606
1787344045,7,,Aggregated,1.200000,0.100000,250,290,300,330,510,670,870,870,870,870,870,23,2,250,244.92044226091187,8.032542000364629,871.7847509997227,452.39130434782606
1787344046,8,,Aggregated,1.200000,0.100000,210,290,290,300,510,670,870,870,870,870,870,27,3,210,218.62968844450532,3.3117919992946554,871.7847509997227,397.962962962963
1787344047,8,,Aggregated,1.200000,0.100000,210,290,290,300,510,670,870,870,870,870,870,27,3,210,218.62968844450532,3.3117919992946554,871.7847509997227,397.962962962963
1787344048,8,,Aggregated,1.100000,0.100000,210,290,290,300,340,670,870,870,870,870,870,31,4,210,211.8011466774929,3.3117919992946554,871.7847509997227,390.5483870967742
1787344049,9,,Aggregated,1.300000,0.200000,250,290,290,300,340,670,870,870,870,870,870,32,4,210,213.22236865631794,3.3117919992946554,871.7847509997227,384.40625
1787344050,9,,Aggregated,1.300000,0.200000,250,290,290,330,390,670,870,870,870,870,870,34,4,210,218.0431901177358,3.3117919992946554,871.7847509997227,423.38235294117646
1787344051,9,,Aggregated,1.600000,0.300000,210,290,290,330,390,670,870,870,870,870,870,35,4,210,216.49045494294634,3.3117919992946554,871.7847509997227,441.1714285714286
1787344052,10,,Aggregated,1.600000,0.300000,210,290,290,330,390,670,870,870,870,870,870,35,4,210,216.49045494294634,3.3117919992946554,871.7847509997227,441.1714285714286
1787344053,10,,Aggregated,1.400000,0.200000,210,280,290,300,390,670,870,870,870,870,870,39,5,210,207.88513371796094,2.3666669985686895,871.7847509997227,408.53846153846155
1787344054,10,,Aggregated,1.400000,0.200000,210,280,290,290,340,510,870,870,870,870,870,41,5,210,202.87215770733337,2.3666669985686895,871.7847509997227,439.9756097560976
1787344055,10,,Aggregated,1.400000,0.200000,210,280,290,290,340,510,870,870,870,870,870,41,5,210,202.87215770733337,2.3666669985686895,871.7847509997227,439.9756097560976
1787344056,11,,Aggregated,1.700000,0.300000,210,270,290,290,340,510,870,870,870,870,870,44,5,200,199.1024367500193,2.3666669985686895,871.7847509997227,461.90909090909093
1787344057,11,,Aggregated,1.800000,0.300000,200,270,290,290,340,510,870,870,870,870,870,45,5,200,195.19165666671245,2.3666669985686895,871.7847509997227,453.0888888888889
1787344058,11,,Aggregated,1.800000,0.300000,200,270,290,290,340,510,870,870,870,870,870,45,5,200,195.19165666671245,2.3666669985686895,871.7847509997227,453.0888888888889
1787344059,12,,Aggregated,1.700000,0.200000,210,270,290,290,370,510,870,870,870,870,870,48,5,200,199.2913691249972,2.3666669985686895,871.7847509997227,472.4375
1787344060,12,,Aggregated,1.700000,0.200000,210,270,290,290,370,510,870,870,870,870,870,48,5,200,199.2913691249972,2.3666669985686895,871.7847509997227,472.4375
1787344061,12,,Aggregated,1.400000,0.100000,200,270,290,290,370,510,870,870,870,870,870,49,5,200,195.60886924491385,2.3666669985686895,871.7847509997227,464.1020408163265
1787344062,13,,Aggregated,1.400000,0.100000,180,270,290,290,340,510,670,870,870,870,870,51,5,180,189.9115345098407,2.3666669985686895,871.7847509997227,467.52941176470586
1787344063,13,,Aggregated,1.400000,0.100000,180,270,290,290,340,510,670,870,870,870,870,52,5,170,187.63750178851086,2.3666669985686895,871.7847509997227,478.7307692307692
1787344064,13,,Aggregated,1.400000,0.100000,170,260,280,290,340,510,670,870,870,870,870,53,5,170,185.10752062269054,2.3666669985686895,871.7847509997227,489.33962264150944
1787344065,13,,Aggregated,1.600000,0.100000,170,260,280,290,340,510,670,870,870,870,870,54,5,160,183.9847146852157,2.3666669985686895,871.7847509997227,499.4259259259259
1787344066,14,,Aggregated,1.200000,0.000000,170,250,280,290,360,510,670,870,870,870,870,60,6,160,179.9479383667252,2.3666669985686895,871.7847509997227,475.5833333333333
1787344067,14,,Aggregated,1.200000,0.000000,160,250,280,290,340,390,670,870,870,870,870,61,6,160,179.07127408201274,2.3666669985686895,871.7847509997227,485.1967213114754
1787344068,14,,Aggregated,1.300000,0.000000,160,250,280,290,340,390,670,870,870,870,870,62,6,140,177.7561103871478,2.3666669985686895,871.7847509997227,494.48387096774195
1787344069,15,,Aggregated,1.600000,0.100000,160,250,280,290,340,390,670,870,870,870,870,64,6,140,176.82504770314722,2.3666669985686895,871.7847509997227,482.90625
1787344070,15,,Aggregated,1.600000,0.100000,140,250,270,290,340,390,670,870,870,870,870,69,7,140,172.96232685507476,2.3666669985686895,871.7847509997227,482.8550724637681
1787344071,15,,Aggregated,1.600000,0.100000,140,250,270,290,340,390,670,870,870,870,870,69,7,140,172.96232685507476,2.3666669985686895,871.7847509997227,482.8550724637681
1787344072,16,,Aggregated,1.600000,0.100000,130,250,270,290,330,390,670,870,870,870,870,71,7,130,170.6432642535424,2.3666669985686895,871.7847509997227,498.85915492957747
1787344074,16,,Aggregated,2.100000,0.200000,130,250,270,290,330,390,670,870,870,870,870,75,8,130,168.5959696267188,2.3666669985686895,871.7847509997227,478.8933333333333
1787344075,16,,Aggregated,2.000000,0.200000,130,250,270,280,330,390,670,870,870,870,870,76,8,120,166.44717288162562,2.3666669985686895,871.7847509997227,473.4605263157895
1787344076,16,,Aggregated,2.000000,0.200000,120,250,270,280,330,390,670,870,870,870,870,79,8,120,163.1338055569957,2.3666669985686895,871.7847509997227,495.2025316455696
1787344077,17,,Aggregated,2.300000,0.300000,120,240,270,280,330,370,670,870,870,870,870,83,9,120,161.23920900001,2.3666669985686895,871.7847509997227,477.1686746987952
1787344078,17,,Aggregated,2.300000,0.300000,110,240,270,280,330,370,670,870,870,870,870,86,9,100,157.77404568606747,2.3666669985686895,871.7847509997227,485.72093023255815
1787344079,17,,Aggregated,2.500000,0.300000,100,240,270,280,330,370,670,870,870,870,870,88,9,100,155.21843431819931,2.3666669985686895,871.7847509997227,487.22727272727275
1787344080,18,,Aggregated,2.300000,0.300000,110,240,270,280,310,370,670,870,870,870,870,91,9,110,157.7782423406701,2.3666669985686895,871.7847509997227,496.1208791208791
1787344081,18,,Aggregated,2.500000,0.300000,110,240,260,280,310,370,670,870,870,870,870,94,10,100,155.7401579255461,2.3666669985686895,871.7847509997227,483.6170212765957
1787344082,18,,Aggregated,2.600000,0.300000,110,240,260,280,310,370,670,870,870,870,870,95,10,110,155.25208960002362,2.3666669985686895,871.7847509997227,489.29473684210524
1787344083,19,,Aggregated,2.700000,0.300000,110,240,260,270,310,370,670,870,870,870,870,96,10,100,154.55274491669493,2.3666669985686895,871.7847509997227,495.0625
1787344084,19,,Aggregated,2.500000,0.300000,100,240,260,270,300,360,510,670,870,870,870,103,11,100,152.7270984175294,2.3666669985686895,871.7847509997227,477.4466019417476
1787344085,19,,Aggregated,2.500000,0.300000,100,240,260,270,300,360,510,670,870,870,870,103,11,100,152.7270984175294,2.3666669985686895,871.7847509997227,477.4466019417476
1787344086,19,,Aggregated,2.500000,0.300000,100,240,250,270,300,360,510,670,870,870,870,107,11,100,149.7780721495805,2.3666669985686895,871.7847509997227,489.5327102803738
1787344087,20,,Aggregated,2.800000,0.300000,100,240,250,270,300,360,510,670,870,870,870,113,12,100,151.0079160266005,2.3666669985686895,871.7847509997227,486.43362831858406
1787344088,20,,Aggregated,2.800000,0.300000,100,240,250,270,300,360,510,670,870,870,870,113,12,100,151.0079160266005,2.3666669985686895,871.7847509997227,486.43362831858406
1787344089,20,,Aggregated,2.800000,0.300000,100,240,260,270,310,370,510,670,870,870,870,120,14,99,150.5085626000285,2.3666669985686895,871.7847509997227,471.725
1787344090,21,,Aggregated,3.000000,0.300000,100,240,260,270,300,360,510,670,870,870,870,124,14,100,151.50783644358236,2.3666669985686895,871.7847509997227,475.36290322580646
1787344091,21,,Aggregated,3.000000,0.300000,100,240,260,270,300,360,510,670,870,870,870,124,14,100,151.50783644358236,2.3666669985686895,871.7847509997227,475.36290322580646
1787344092,21,,Aggregated,3.300000,0.500000,100,240,260,270,300,360,510,670,870,870,870,125,14,100,150.43802675203187,2.3666669985686895,871.7847509997227,472.128
1787344093,22,,Aggregated,3.300000,0.500000,100,240,260,270,300,360,510,670,870,870,870,127,14,100,149.10719430713291,2.3666669985686895,871.7847509997227,473.01574803149606
1787344094,22,,Aggregated,3.300000,0.500000,100,240,260,270,300,360,510,670,870,870,870,127,14,100,149.10719430713291,2.3666669985686895,871.7847509997227,473.01574803149606
1787344095,22,,Aggregated,2.900000,0.400000,99,240,260,270,300,360,510,670,870,870,870,135,16,99,146.86066582224964,2.3666669985686895,871.7847509997227,457.77037037037036
1787344096,22,,Aggregated,3.100000,0.400000,98,240,260,270,300,360,510,670,870,870,870,142,18,96,144.6515555211539,2.3666669985686895,871.7847509997227,440.0281690140845
1787344097,23,,Aggregated,2.400000,0.300000,100,240,260,270,300,370,620,870,900,900,900,152,20,99,153.8269065921141,2.3666669985686895,898.8807499990799,430.8355263157895
1787344098,23,,Aggregated,3.200000,0.500000,99,240,260,270,300,370,620,870,900,900,900,157,21,99,151.72253695543836,2.3666669985686895,898.8807499990799,432.4331210191083
1787344099,23,,Aggregated,3.500000,0.700000,99,240,260,270,300,370,620,870,900,900,900,158,21,98,151.20685080381907,2.3666669985686895,898.8807499990799,436.22151898734177
1787344100,24,,Aggregated,4.400000,0.900000,100,240,260,270,310,370,620,870,900,900,900,164,22,100,154.57519365245167,2.3666669985686895,898.8807499990799,424.8048780487805
1787344101,24,,Aggregated,4.400000,0.900000,100,240,260,270,310,370,620,870,900,900,900,171,24,100,155.96765917544812,2.3666669985686895,898.8807499990799,410.5497076023392
1787344102,24,,Aggregated,3.800000,0.700000,110,240,260,270,310,370,620,870,900,900,900,172,24,100,155.82527550001285,2.3666669985686895,898.8807499990799,414.3313953488372
1787344103,25,,Aggregated,3.900000,0.800000,110,240,260,270,310,370,620,870,900,900,900,173,24,110,156.5498206358499,2.3666669985686895,898.8807499990799,413.0057803468208
1787344104,25,,Aggregated,4.700000,1.000000,100,240,260,270,320,390,620,870,900,900,900,179,25,100,156.7564321005762,2.3666669985686895,898.8807499990799,418.46927374301674
1787344105,25,,Aggregated,4.700000,1.000000,100,240,260,270,320,390,620,870,900,900,900,179,25,100,156.7564321005762,2.3666669985686895,898.8807499990799,418.46927374301674
1787344106,25,,Aggregated,4.700000,1.000000,100,240,260,270,320,390,620,870,900,900,900,179,25,100,156.7564321005762,2.3666669985686895,898.8807499990799,418.46927374301674
1787344107,26,,Aggregated,4.400000,0.900000,110,240,260,270,330,400,870,2100,2600,2600,2600,184,26,110,180.1850283858802,2.3666669985686895,2630.2175010005158,414.6467391304348
1787344108,26,,Aggregated,3.700000,0.700000,130,250,270,280,360,650,930,2600,2800,2800,2800,196,29,120,208.04891464285902,2.3666669985686895,2790.6843349992414,405.6479591836735
1787344109,26,,Aggregated,2.700000,0.500000,120,250,270,280,360,650,930,2600,2800,2800,2800,199,29,120,206.4627180602999,2.3666669985686895,2790.6843349992414,410.2361809045226
1787344110,27,,Aggregated,3.300000,0.600000,130,250,270,280,360,620,910,2100,2800,2800,2800,203,29,130,207.5027626157544,2.3666669985686895,2790.6843349992414,413.53694581280786
1787344111,27,,Aggregated,3.800000,0.800000,130,250,270,280,360,620,910,2100,2800,2800,2800,209,30,130,206.08654255502796,2.3666669985686895,2790.6843349992414,418.24401913875596
1787344112,27,,Aggregated,3.800000,0.800000,130,250,270,280,360,620,910,2100,2800,2800,2800,209,30,130,206.08654255502796,2.3666669985686895,2790.6843349992414,418.24401913875596
1787344113,28,,Aggregated,3.600000,0.600000,130,250,270,280,360,620,910,2100,2800,2800,2800,213,31,130,205.91072759625305,2.3666669985686895,2790.6843349992414,412.69953051643193
1787344114,28,,Aggregated,3.700000,0.600000,130,250,270,280,360,620,910,2100,2800,2800,2800,217,31,130,205.26697455762306,2.3666669985686895,2790.6843349992414,420.00921658986175
1787344115,28,,Aggregated,3.600000,0.600000,120,250,270,280,360,560,910,2100,2800,2800,2800,221,32,120,203.14626404527343,2.3666669985686895,2790.6843349992414,418.552036199095
1787344116,29,,Aggregated,3.500000,0.600000,120,250,270,280,340,560,910,2100,2800,2800,2800,232,35,120,199.17543615519332,2.3666669985686895,2790.6843349992414,407.54741379310343
1787344117,29,,Aggregated,3.800000,0.600000,120,250,270,280,340,560,910,2100,2800,2800,2800,233,35,120,199.797093618047,2.3666669985686895,2790.6843349992414,406.59656652360513
1787344118,29,,Aggregated,4.500000,0.800000,130,250,270,280,360,650,910,2100,2800,2800,2800,240,36,120,202.379181516676,2.3666669985686895,2790.6843349992414,413.50416666666666
1787344119,29,,Aggregated,5.300000,1.000000,120,250,270,280,360,620,910,2100,2800,2800,2800,241,36,120,201.59927239419403,2.3666669985686895,2790.6843349992414,412.0622406639004
1787344120,30,,Aggregated,4.300000,0.800000,130,250,270,280,360,620,910,2100,2800,2800,2800,250,38,130,200.77654176400392,2.348833000723971,2790.6843349992414,408.784
1787344121,30,,Aggregated,4.300000,0.800000,130,250,270,280,360,620,910,2100,2800,2800,2800,250,38,130,200.77654176400392,2.348833000723971,2790.6843349992414,408.784
1787344122,30,,Aggregated,4.200000,0.700000,130,250,270,280,360,620,900,2100,2800,2800,2800,258,39,130,198.84132906977462,2.348833000723971,2790.6843349992414,413.7015503875969
1787344123,31,,Aggregated,4.300000,0.800000,130,250,270,280,360,620,900,2100,2800,2800,2800,260,39,130,198.85112557307926,2.348833000723971,2790.6843349992414,415.2769230769231
1787344124,31,,Aggregated,4.100000,0.800000,130,250,270,280,340,560,900,2100,2800,2800,2800,263,40,130,197.52820779087878,2.348833000723971,2790.6843349992414,411.7300380228137
1787344125,31,,Aggregated,4.900000,0.900000,130,250,270,280,340,560,900,2100,2800,2800,2800,269,41,130,195.94283931227773,2.348833000723971,2790.6843349992414,415.3085501858736
1787344127,32,,Aggregated,4.600000,0.800000,130,250,260,280,340,560,900,2100,2800,2800,2800,273,42,130,194.30552557876734,2.348833000723971,2790.6843349992414,410.6336996336996
1787344128,32,,Aggregated,4.600000,0.900000,130,250,270,280,360,590,900,2100,2800,2800,2800,283,44,130,199.09888760070984,2.348833000723971,2790.6843349992414,403.13074204947
1787344129,32,,Aggregated,4.500000,0.800000,130,250,270,280,370,600,900,2100,2800,2800,2800,289,45,130,198.38253887543618,2.348833000723971,2790.6843349992414,403.2733564013841
1787344130,32,,Aggregated,4.100000,0.700000,130,250,270,280,360,600,900,2100,2800,2800,2800,294,46,130,196.03148804421866,2.348833000723971,2790.6843349992414,397.9183673469388
1787344131,33,,Aggregated,5.000000,0.900000,130,250,270,280,360,590,870,930,2800,2800,2800,301,47,130,194.87533951496064,2.348833000723971,2790.6843349992414,400.71760797342193
1787344132,33,,Aggregated,4.900000,0.900000,120,250,270,280,360,590,870,930,2800,2800,2800,303,47,120,194.10698551486223,2.348833000723971,2790.6843349992414,404.9174917491749
1787344133,33,,Aggregated,5.300000,1.000000,110,240,260,280,360,590,870,930,2800,2800,2800,309,48,110,191.7972266278279,2.348833000723971,2790.6843349992414,404.9805825242718
1787344134,34,,Aggregated,5.100000,0.900000,110,240,260,280,340,590,870,930,2800,2800,2800,312,48,110,191.25538083653737,2.348833000723971,2790.6843349992414,408.4102564102564
1787344135,34,,Aggregated,5.100000,0.900000,100,240,260,280,340,580,870,930,2800,2800,2800,321,49,100,188.35803955139497,2.348833000723971,2790.6843349992414,417.4704049844237
1787344136,34,,Aggregated,5.200000,0.900000,100,240,260,280,340,580,870,930,2800,2800,2800,325,50,100,186.96401239999082,2.348833000723971,2790.6843349992414,413.4276923076923
1787344137,35,,Aggregated,5.200000,0.900000,110,240,260,280,340,580,870,930,2800,2800,2800,328,50,100,186.6405768201098,2.348833000723971,2790.6843349992414,419.1432926829268
1787344138,35,,Aggregated,5.700000,0.900000,110,240,260,270,340,580,870,930,2800,2800,2800,333,50,110,186.30998533332126,2.348833000723971,2790.6843349992414,423.00600600600603
1787344139,35,,Aggregated,5.500000,0.800000,110,240,260,270,340,560,870,930,2800,2800,2800,342,53,100,184.36854711694784,2.348833000723971,2790.6843349992414,414.6432748538012
1787344140,35,,Aggregated,5.500000,0.800000,100,240,260,270,340,560,870,930,2800,2800,2800,346,54,100,183.14930331501856,2.348833000723971,2790.6843349992414,413.8121387283237
1787344141,36,,Aggregated,5.000000,0.700000,110,240,260,270,340,580,850,930,2800,2800,2800,357,55,110,184.78998141456097,2.348833000723971,2790.6843349992414,417.40056022408965
1787344142,36,,Aggregated,5.200000,0.800000,110,240,260,270,340,580,850,930,2800,2800,2800,360,55,110,183.95265657221293,2.348833000723971,2790.6843349992414,419.96944444444443
1787344143,36,,Aggregated,5.200000,0.800000,110,240,260,270,340,560,850,930,2800,2800,2800,362,55,110,183.57178128175775,2.348833000723971,2790.6843349992414,423.44198895027625
1787344144,37,,Aggregated,5.600000,0.800000,110,240,260,270,340,560,850,930,2800,2800,2800,365,55,110,182.39024871780276,2.348833000723971,2790.6843349992414,423.0904109589041
1787344145,37,,Aggregated,5.300000,0.700000,110,240,260,270,340,560,850,930,2800,2800,2800,370,56,100,181.09916078649042,2.348833000723971,2790.6843349992414,423.9027027027027
1787344146,37,,Aggregated,5.100000,0.700000,100,240,260,270,340,560,850,930,2800,2800,2800,375,57,100,179.848676088009,2.348833000723971,2790.6843349992414,422.032
1787344147,38,,Aggregated,4.900000,0.700000,100,240,260,270,340,560,850,930,2800,2800,2800,379,58,100,179.38912651979774,2.348833000723971,2790.6843349992414,418.910290237467
1787344148,38,,Aggregated,4.800000,0.600000,100,240,260,270,340,540,850,930,2800,2800,2800,387,59,100,179.46092816797338,2.348833000723971,2790.6843349992414,421.9870801033592
1787344149,38,,Aggregated,4.800000,0.600000,100,240,260,270,340,540,850,930,2800,2800,2800,391,59,100,178.57541025320742,2.348833000723971,2790.6843349992414,425.83631713554985
1787344150,38,,Aggregated,5.000000,0.800000,100,240,260,270,340,540,850,930,2800,2800,2800,393,59,100,178.15454472011038,2.348833000723971,2790.6843349992414,428.9287531806616
1787344151,39,,Aggregated,5.200000,0.700000,100,240,260,270,340,540,850,930,2800,2800,2800,398,59,100,177.51076767589478,2.348833000723971,2790.6843349992414,429.58793969849245
1787344152,39,,Aggregated,5.200000,0.700000,100,240,260,270,340,540,850,930,2800,2800,2800,400,59,100,177.1481589400173,2.348833000723971,2790.6843349992414,432.72
1787344153,39,,Aggregated,4.600000,0.500000,100,240,250,270,330,510,820,910,2800,2800,2800,406,61,100,175.80066418721006,2.348833000723971,2790.6843349992414,427.86206896551727
1787344154,40,,Aggregated,4.100000,0.400000,100,240,250,270,340,510,820,910,2800,2800,2800,413,61,100,177.15158110171808,2.348833000723971,2790.6843349992414,436.31476997578693
1787344155,40,,Aggregated,4.100000,0.400000,100,240,250,270,340,510,820,910,2800,2800,2800,415,61,100,176.70899215664983,2.348833000723971,2790.6843349992414,439.2216867469879
1787344156,40,,Aggregated,4.400000,0.600000,100,240,250,270,340,510,820,910,2800,2800,2800,419,62,100,175.7153091551558,2.348833000723971,2790.6843349992414,435.83054892601433
1787344157,40,,Aggregated,4.600000,0.500000,100,240,250,270,340,490,820,910,2800,2800,2800,424,62,100,175.0065265212487,2.348833000723971,2790.6843349992414,443.0141509433962
1787344158,40,,Aggregated,4.700000,0.600000,100,240,250,270,340,490,820,910,2800,2800,2800,429,63,100,174.96636042193293,2.348833000723971,2790.6843349992414,441.1794871794872
1787344159,40,,Aggregated,4.500000,0.400000,100,240,250,270,340,490,820,910,2800,2800,2800,434,64,100,173.81224470969872,2.348833000723971,2790.6843349992414,439.35714285714283
1787344160,40,,Aggregated,4.500000,0.500000,99,240,250,270,340,490,820,910,2800,2800,2800,437,64,99,173.08492752633586,2.348833000723971,2790.6843349992414,443.52402745995425
1787344161,40,,Aggregated,4.000000,0.400000,99,240,250,270,340,480,820,910,2800,2800,2800,445,66,99,171.48632798429327,2.348833000723971,2790.6843349992414,439.4202247191011
1787344162,40,,Aggregated,4.400000,0.500000,99,240,250,270,340,480,820,910,2800,2800,2800,450,66,99,170.6557995222425,2.348833000723971,2790.6843349992414,446.23555555555555
1787344163,40,,Aggregated,4.400000,0.600000,99,240,250,270,330,450,800,910,2800,2800,2800,461,69,99,168.74451227550924,2.348833000723971,2790.6843349992414,439.99349240780913
1787344164,40,,Aggregated,4.900000,0.700000,99,240,250,270,330,450,800,910,2800,2800,2800,467,69,99,167.96198302786416,2.348833000723971,2790.6843349992414,447.7644539614561
1787344165,40,,Aggregated,5.200000,0.700000,99,230,250,270,330,450,800,910,2800,2800,2800,470,69,99,167.2287615915148,2.348833000723971,2790.6843349992414,449.5191489361702
1787344166,40,,Aggregated,5.700000,0.800000,99,220,250,260,330,450,800,910,2800,2800,2800,471,69,99,167.13156270066017,2.348833000723971,2790.6843349992414,450.81104033970274
1787344167,40,,Aggregated,5.400000,0.800000,98,220,250,260,330,450,800,910,2800,2800,2800,477,69,98,165.6163301698332,2.348833000723971,2790.6843349992414,452.0775681341719
1787344168,40,,Aggregated,5.100000,0.700000,98,220,250,260,320,450,800,910,2800,2800,2800,482,70,96,164.80018203321032,2.348833000723971,2790.6843349992414,452.46473029045643
1787344169,40,,Aggregated,5.200000,0.700000,98,210,250,260,320,450,800,910,2800,2800,2800,484,70,96,164.51772656199873,2.348833000723971,2790.6843349992414,454.9028925619835
1787344170,40,,Aggregated,5.100000,0.600000,96,210,250,260,320,450,800,910,2800,2800,2800,492,72,96,163.26237921343338,2.348833000723971,2790.6843349992414,453.0731707317073
1787344171,40,,Aggregated,5.200000,0.700000,96,210,250,260,320,420,680,900,2800,2800,2800,502,75,96,161.94987597212736,2.348833000723971,2790.6843349992414,448.0119521912351
1787344172,40,,Aggregated,5.200000,0.700000,96,210,250,260,320,420,680,900,2800,2800,2800,504,75,96,161.57671145041215,2.348833000723971,2790.6843349992414,448.43055555555554
1787344173,40,,Aggregated,5.300000,0.700000,96,200,250,260,320,420,680,900,2800,2800,2800,509,76,96,160.76612227505944,2.348833000723971,2790.6843349992414,446.86444007858546
1787344174,40,,Aggregated,5.500000,0.900000,95,200,250,260,320,420,680,900,2800,2800,2800,513,77,95,160.1171397621983,2.348833000723971,2790.6843349992414,444.10526315789474
1787344175,40,,Aggregated,5.100000,0.800000,95,200,250,260,320,420,680,900,2800,2800,2800,525,79,95,159.9473706190613,2.348833000723971,2790.6843349992414,443.3466666666667
1787344176,40,,Aggregated,4.400000,0.700000,96,200,250,260,320,420,680,900,2800,2800,2800,530,80,95,159.6351394490722,2.348833000723971,2790.6843349992414,443.688679245283
1787344177,40,,Aggregated,5.000000,0.900000,95,200,250,260,320,420,680,900,2800,2800,2800,536,80,95,158.69220435262437,2.348833000723971,2790.6843349992414,450.4011194029851
1787344178,40,,Aggregated,5.900000,1.100000,95,200,250,260,310,420,680,900,2800,2800,2800,544,82,95,157.7353287996476,2.348833000723971,2790.6843349992414,448.71691176470586
1787344179,40,,Aggregated,5.900000,1.100000,95,200,250,260,310,420,680,900,2800,2800,2800,546,82,95,157.6606723003831,2.348833000723971,2790.6843349992414,450.88827838827837
1787344180,40,,Aggregated,6.000000,1.100000,94,200,250,260,310,420,670,900,2800,2800,2800,551,83,94,156.88657356626203,2.348833000723971,2790.6843349992414,449.3829401088929
1787344181,40,,Aggregated,5.900000,1.100000,95,200,250,260,310,420,670,900,2800,2800,2800,557,84,95,156.45649969122474,2.348833000723971,2790.6843349992414,450.7181328545781
1787344182,40,,Aggregated,6.200000,1.200000,95,200,250,260,300,400,670,900,2800,2800,2800,561,84,95,155.89703348665358,2.348833000723971,2790.6843349992414,453.1729055258467
1787344183,40,,Aggregated,6.200000,1.200000,95,190,250,260,300,400,670,900,2800,2800,2800,563,84,95,155.80592953466126,2.348833000723971,2790.6843349992414,455.303730017762
1787344184,40,,Aggregated,5.400000,0.900000,94,190,250,260,300,400,670,900,2800,2800,2800,566,84,94,155.14069566257095,2.348833000723971,2790.6843349992414,454.92226148409895
1787344185,40,,Aggregated,5.400000,0.800000,93,190,250,260,300,400,670,900,2800,2800,2800,571,84,93,154.4011724255921,2.348833000723971,2790.6843349992414,458.3274956217163
1787344186,40,,Aggregated,5.400000,0.800000,94,190,250,260,300,400,670,900,2800,2800,2800,577,85,94,154.24059098095282,2.348833000723971,2790.6843349992414,459.528596187175
1787344187,40,,Aggregated,5.100000,0.600000,94,190,250,260,300,400,670,900,2800,2800,2800,584,86,94,154.1124266472788,2.348833000723971,2790.6843349992414,461.67294520547944
1787344188,40,,Aggregated,5.100000,0.600000,94,190,250,260,300,400,670,900,2800,2800,2800,587,87,94,153.79048636458637,2.348833000723971,2790.6843349992414,459.83475298126064
1787344189,40,,Aggregated,4.800000,0.500000,93,190,250,260,300,400,670,900,2800,2800,2800,595,88,93,153.1705892790036,2.348833000723971,2790.6843349992414,459.70420168067227
1787344190,40,,Aggregated,4.800000,0.500000,93,190,250,260,300,400,670,900,2800,2800,2800,595,88,93,153.1705892790036,2.348833000723971,2790.6843349992414,459.70420168067227
1787344191,40,,Aggregated,4.900000,0.600000,94,190,250,260,300,390,650,870,2800,2800,2800,605,90,94,152.94552196695398,2.348833000723971,2790.6843349992414,458.43801652892563
1787344192,40,,Aggregated,4.900000,0.600000,93,190,250,260,300,390,650,870,2800,2800,2800,607,90,93,152.67761202307295,2.348833000723971,2790.6843349992414,460.41021416803954
1787344193,40,,Aggregated,4.300000,0.500000,93,190,250,260,300,390,650,870,2800,2800,2800,611,90,93,151.99907753192244,2.348833000723971,2790.6843349992414,460.9950900163666
1787344194,40,,Aggregated,4.900000,0.600000,92,180,250,260,300,390,650,870,2800,2800,2800,616,90,92,151.3428051201342,2.348833000723971,2790.6843349992414,464.1185064935065
1787344195,40,,Aggregated,4.700000,0.600000,92,180,250,260,300,390,650,870,2800,2800,2800,618,90,92,151.16729604207507,2.348833000723971,2790.6843349992414,466.00161812297733
1787344196,40,,Aggregated,4.900000,0.600000,92,180,250,260,300,390,650,870,2800,2800,2800,620,90,92,151.01312311129615,2.348833000723971,2790.6843349992414,467.9048387096774
1787344197,40,,Aggregated,4.600000,0.600000,92,180,250,250,300,390,650,870,2800,2800,2800,622,90,92,150.81785550000714,2.348833000723971,2790.6843349992414,469.7491961414791
1787344198,40,,Aggregated,4.600000,0.600000,92,180,250,250,300,390,650,870,2800,2800,2800,626,91,92,150.65865441534152,2.348833000723971,2790.6843349992414,468.88817891373805
1787344199,40,,Aggregated,4.200000,0.500000,92,180,250,250,290,390,650,870,2800,2800,2800,633,92,92,150.21745582781602,2.348833000723971,2790.6843349992414,470.74881516587675
1787344200,40,,Aggregated,3.900000,0.400000,92,180,250,250,300,400,650,870,2800,2800,2800,640,93,92,150.66878658595044,2.348833000723971,2790.6843349992414,472.659375
1787344201,40,,Aggregated,3.900000,0.400000,92,180,250,250,300,390,650,870,2800,2800,2800,643,93,92,150.2341613514923,2.348833000723971,2790.6843349992414,473.8227060653188
1787344202,40,,Aggregated,3.700000,0.400000,92,180,250,250,300,390,650,870,2800,2800,2800,648,94,92,149.96914763273315,2.348833000723971,2790.6843349992414,472.35185185185185
1787344203,40,,Aggregated,4.300000,0.400000,91,170,250,250,290,390,630,870,2800,2800,2800,653,94,91,148.9902421485602,2.348833000723971,2790.6843349992414,470.72741194486986
1787344204,40,,Aggregated,4.100000,0.400000,91,170,250,250,290,390,630,870,2800,2800,2800,657,95,91,148.66545065755034,2.348833000723971,2790.6843349992414,469.92998477929984
1787344205,40,,Aggregated,3.900000,0.400000,92,180,250,260,300,400,630,870,2800,2800,2800,666,97,91,150.13996108560283,2.348833000723971,2790.6843349992414,467.7732732732733
1787344206,40,,Aggregated,3.900000,0.400000,92,180,250,260,300,400,630,870,2800,2800,2800,666,97,91,150.13996108560283,2.348833000723971,2790.6843349992414,467.7732732732733
1787344207,40,,Aggregated,4.800000,0.700000,91,180,250,260,300,400,630,870,2800,2800,2800,675,99,91,149.67611796149868,2.348833000723971,2790.6843349992414,465.61925925925925
1787344208,40,,Aggregated,4.700000,0.700000,91,180,250,260,300,400,630,870,2800,2800,2800,677,99,91,149.48421577992792,2.348833000723971,2790.6843349992414,467.3205317577548
1787344209,40,,Aggregated,4.700000,0.700000,92,180,250,260,300,400,630,870,2800,2800,2800,682,100,91,149.42834433139367,2.348833000723971,2790.6843349992414,467.40029325513194
1787344210,40,,Aggregated,5.000000,0.800000,92,180,250,260,300,400,630,870,2800,2800,2800,684,100,92,149.51330915205847,2.348833000723971,2790.6843349992414,469.07456140350877
1787344211,40,,Aggregated,5.000000,0.800000,91,180,250,260,300,400,630,870,2800,2800,2800,691,102,91,148.9200806251894,2.348833000723971,2790.6843349992414,466.7655571635311
1787344212,40,,Aggregated,4.800000,0.800000,92,190,250,260,300,420,630,850,2800,2800,2800,706,106,92,151.300876781884,2.348833000723971,2790.6843349992414,463.0722379603399
1787344213,40,,Aggregated,4.800000,0.800000,92,190,250,260,300,420,630,850,2800,2800,2800,707,106,92,151.19436080765132,2.348833000723971,2790.6843349992414,463.8882602545969
1787344214,40,,Aggregated,5.000000,1.000000,92,180,250,260,300,420,630,850,2800,2800,2800,712,107,91,150.71269348175448,2.348833000723971,2790.6843349992414,464.05337078651684
1787344215,40,,Aggregated,5.800000,1.200000,91,180,250,260,300,420,630,850,2800,2800,2800,720,109,90,149.97609480417395,2.348833000723971,2790.6843349992414,462.6388888888889
1787344216,40,,Aggregated,5.300000,1.200000,91,180,250,260,300,420,630,850,2800,2800,2800,722,109,91,150.16611924238785,2.348833000723971,2790.6843349992414,464.2770083102493
1787344217,40,,Aggregated,5.300000,1.100000,91,180,250,260,300,420,630,850,2800,2800,2800,727,110,91,149.79776617469767,2.348833000723971,2790.6843349992414,464.38101788170565
1787344218,40,,Aggregated,5.500000,1.200000,91,180,250,260,300,420,630,850,2800,2800,2800,730,110,91,149.51587341507448,2.348833000723971,2790.6843349992414,465.4219178082192
1787344219,40,,Aggregated,5.500000,1.200000,91,180,250,260,300,420,630,850,2800,2800,2800,732,110,91,149.24534484563117,2.348833000723971,2790.6843349992414,465.66530054644807
1787344220,40,,Aggregated,5.500000,1.200000,91,180,250,260,300,420,630,850,2800,2800,2800,735,111,91,149.00254723673606,2.348833000723971,2790.6843349992414,464.1904761904762
1787344221,40,,Aggregated,4.900000,1.000000,91,180,250,260,300,420,630,850,2800,2800,2800,745,113,91,150.19116791409277,2.348833000723971,2790.6843349992414,464.4456375838926
1787344222,40,,Aggregated,5.300000,1.100000,91,180,250,260,300,420,630,850,2800,2800,2800,747,113,91,150.0237303279765,2.348833000723971,2790.6843349992414,465.97991967871485
1787344223,40,,Aggregated,5.200000,1.100000,91,180,250,260,300,420,620,850,2800,2800,2800,751,113,91,149.64900661917284,2.348833000723971,2790.6843349992414,469.10652463382155
1787344224,40,,Aggregated,4.700000,0.900000,91,180,250,260,300,420,620,850,2800,2800,2800,757,114,91,149.61182471069893,2.348833000723971,2790.6843349992414,469.91677675033026
1787344225,40,,Aggregated,4.200000,0.700000,90,180,250,260,300,420,620,850,2800,2800,2800,761,114,90,149.09436609329452,2.348833000723971,2790.6843349992414,470.3758212877792
1787344226,40,,Aggregated,4.500000,0.700000,91,180,250,260,300,420,620,850,2800,2800,2800,763,114,91,149.12119120445234,2.348833000723971,2790.6843349992414,471.84665792922675
1787344227,40,,Aggregated,4.200000,0.600000,91,180,250,260,300,420,620,850,2800,2800,2800,768,114,91,148.8070192239519,2.348833000723971,2790.6843349992414,474.26171875
1787344228,40,,Aggregated,4.200000,0.600000,92,180,250,260,300,420,620,850,2800,2800,2800,770,114,91,148.94049617661665,2.348833000723971,2790.6843349992414,475.74285714285713
1787344229,40,,Aggregated,4.000000,0.400000,93,190,250,260,320,480,650,900,2800,2800,2800,780,116,92,153.50432817435248,2.348833000723971,2790.6843349992414,475.7846153846154
1787344230,40,,Aggregated,4.100000,0.400000,93,190,250,260,320,480,650,900,2800,2800,2800,781,116,93,154.04829462355283,2.348833000723971,2790.6843349992414,475.4110115236876
1787344231,40,,Aggregated,4.200000,0.400000,93,190,250,260,320,490,680,930,2800,2800,2800,792,119,93,157.75282794191006,2.348833000723971,2790.6843349992414,473.72853535353534
1787344232,40,,Aggregated,4.500000,0.500000,93,190,250,260,320,490,680,930,2800,2800,2800,796,120,93,157.315466736172,2.348833000723971,2790.6843349992414,471.8241206030151
1787344233,40,,Aggregated,4.400000,0.500000,93,190,250,260,320,490,670,910,2800,2800,2800,805,122,93,157.44886379501656,2.348833000723971,2790.6843349992414,471.19503105590064
1787344234,40,,Aggregated,5.000000,0.700000,93,190,250,260,320,490,670,910,2800,2800,2800,808,122,93,157.13543804206506,2.348833000723971,2790.6843349992414,472.105198019802
1787344235,40,,Aggregated,5.100000,0.800000,93,190,250,260,320,490,670,910,2800,2800,2800,809,122,93,157.04993018663737,2.348833000723971,2790.6843349992414,472.81705809641534
1787344236,40,,Aggregated,5.400000,0.900000,93,190,250,260,320,490,670,910,2800,2800,2800,814,123,92,157.17927142382007,2.348833000723971,2790.6843349992414,470.40909090909093
1787344237,40,,Aggregated,4.900000,0.800000,93,200,250,260,330,500,670,910,2800,2800,2800,820,123,93,158.4239103414536,2.348833000723971,2790.6843349992414,474.6158536585366
1787344238,40,,Aggregated,4.700000,0.800000,93,200,250,260,330,490,670,910,2800,2800,2800,822,123,93,158.18087664840738,2.348833000723971,2790.6843349992414,474.7664233576642
1787344239,40,,Aggregated,5.400000,0.900000,93,200,250,260,330,490,670,910,2800,2800,2800,823,123,93,158.11907773996484,2.348833000723971,2790.6843349992414,475.46172539489675
1787344240,40,,Aggregated,5.000000,0.900000,93,190,250,260,330,490,670,910,2800,2800,2800,833,125,93,157.39939668666338,2.348833000723971,2790.6843349992414,474.30372148859544
1787344241,40,,Aggregated,4.900000,0.900000,92,190,250,260,330,490,670,910,2800,2800,2800,837,125,92,157.009633290314,2.348833000723971,2790.6843349992414,476.9976105137396
1787344242,40,,Aggregated,4.400000,0.700000,92,190,250,260,320,490,670,910,2800,2800,2800,843,126,92,156.79475072003743,2.348833000723971,2790.6843349992414,476.5385527876631
1787344243,40,,Aggregated,5.200000,0.800000,92,190,250,260,320,490,670,910,2800,2800,2800,849,127,92,156.19732388809305,2.348833000723971,2790.6843349992414,474.8798586572438
1787344244,40,,Aggregated,4.200000,0.500000,91,190,250,260,320,480,660,910,2800,2800,2800,863,130,91,155.07186184355598,2.348833000723971,2790.6843349992414,472.02433371958284
1787344245,40,,Aggregated,4.200000,0.500000,91,190,250,260,320,480,660,910,2800,2800,2800,863,130,91,155.07186184355598,2.348833000723971,2790.6843349992414,472.02433371958284
1787344246,40,,Aggregated,4.300000,0.500000,91,190,250,260,320,480,660,910,2800,2800,2800,874,132,91,154.97741578831784,2.348833000723971,2790.6843349992414,470.5194508009153
1787344247,40,,Aggregated,5.500000,0.800000,91,190,250,260,320,480,660,910,2800,2800,2800,879,133,91,154.76217190897484,2.348833000723971,2790.6843349992414,469.4675767918089
1787344248,40,,Aggregated,5.600000,0.800000,90,190,250,260,320,480,660,910,2800,2800,2800,885,135,90,154.34422201580284,2.348833000723971,2790.6843349992414,466.98870056497174
1787344249,40,,Aggregated,5.600000,0.900000,91,190,250,260,320,480,660,910,2800,2800,2800,889,135,91,154.08234409447212,2.348833000723971,2790.6843349992414,469.6062992125984
1787344250,40,,Aggregated,5.900000,1.000000,91,190,250,260,320,480,660,910,2800,2800,2800,894,136,90,153.96945155814714,2.348833000723971,2790.6843349992414,469.6498881431767
1787344251,40,,Aggregated,6.400000,1.200000,91,190,250,260,320,480,660,910,2800,2800,2800,900,137,90,153.5070769277605,2.348833000723971,2790.6843349992414,470.3466666666667
1787344252,40,,Aggregated,6.500000,1.200000,91,180,250,260,320,480,650,900,2800,2800,2800,902,137,90,153.357770355859,2.348833000723971,2790.6843349992414,471.63858093126385
1787344253,40,,Aggregated,6.300000,1.200000,91,180,250,260,320,480,650,900,2800,2800,2800,906,138,90,153.14987158166048,2.348833000723971,2790.6843349992414,471.0507726269316
1787344254,40,,Aggregated,6.300000,1.200000,90,180,250,260,320,480,650,900,2800,2800,2800,911,139,90,152.6466713633189,2.348833000723971,2790.6843349992414,468.9495060373216
1787344255,40,,Aggregated,5.800000,1.100000,90,180,250,260,320,480,650,900,2800,2800,2800,914,140,90,152.44158974724706,2.348833000723971,2790.6843349992414,467.7527352297593
1787344256,40,,Aggregated,6.000000,1.200000,91,180,250,260,320,480,650,900,2800,2800,2800,918,140,90,152.32274245205392,2.348833000723971,2790.6843349992414,469.22222222222223
1787344257,40,,Aggregated,4.800000,0.900000,91,180,250,260,320,470,650,900,2800,2800,2800,923,140,91,151.99732081471709,2.348833000723971,2790.6843349992414,472.32394366197184
1787344258,40,,Aggregated,5.100000,1.000000,91,180,250,260,320,480,650,900,2800,2800,2800,932,142,91,152.56406597208877,2.348833000723971,2790.6843349992414,471.81545064377684
1787344259,40,,Aggregated,4.400000,0.800000,91,180,250,260,320,480,650,900,2800,2800,2800,935,143,91,152.36325359463862,2.348833000723971,2790.6843349992414,470.6363636363636
1787344260,40,,Aggregated,4.500000,0.700000,91,180,250,260,320,480,650,900,2800,2800,2800,936,143,91,152.34839154485832,2.348833000723971,2790.6843349992414,471.2478632478632
1787344261,40,,Aggregated,4.600000,0.700000,91,180,250,260,320,480,650,900,2800,2800,2800,939,143,91,152.2789917752801,2.348833000723971,2790.6843349992414,473.08200212992546
1787344262,40,,Aggregated,4.600000,0.800000,91,180,250,260,320,470,650,900,2800,2800,2800,945,144,91,152.09863821374125,2.348833000723971,2790.6843349992414,473.75132275132273
1787344263,40,,Aggregated,4.600000,0.800000,91,180,250,260,320,470,650,900,2800,2800,2800,945,144,91,152.09863821374125,2.348833000723971,2790.6843349992414,473.75132275132273
1787344264,40,,Aggregated,3.900000,0.600000,91,180,250,260,320,470,650,900,2800,2800,2800,948,144,90,151.73281529850883,2.348833000723971,2790.6843349992414,473.4409282700422
1787344265,40,,Aggregated,4.300000,0.700000,90,170,250,260,320,470,650,900,2800,2800,2800,955,144,90,151.26613406072073,2.348833000723971,2790.6843349992414,477.66387434554974
1787344266,40,,Aggregated,3.700000,0.500000,91,170,250,260,320,470,650,900,2800,2800,2800,962,145,90,151.4765861798241,2.348833000723971,2790.6843349992414,476.8180873180873
1787344267,40,,Aggregated,3.800000,0.500000,91,170,250,260,320,470,650,900,2800,2800,2800,964,145,90,151.3554344190769,2.348833000723971,2790.6843349992414,478.00103734439836
1787344268,40,,Aggregated,3.900000,0.400000,91,170,250,260,320,470,650,900,2800,2800,2800,970,146,91,151.11297361442283,2.348833000723971,2790.6843349992414,477.53711340206183
1787344269,40,,Aggregated,4.300000,0.500000,91,170,250,260,320,470,650,900,2800,2800,2800,971,146,91,151.14937846548807,2.348833000723971,2790.6843349992414,478.1338825952626
1787344270,40,,Aggregated,4.000000,0.500000,91,170,250,260,320,470,650,900,2800,2800,2800,974,146,91,150.87525858828445,2.348833000723971,2790.6843349992414,478.9004106776181
1787344271,40,,Aggregated,3.800000,0.400000,90,170,250,260,320,470,650,900,2800,2800,2800,983,147,90,150.49586587485769,2.348833000723971,2790.6843349992414,479.2024415055951
1787344272,40,,Aggregated,3.700000,0.300000,90,170,250,260,320,470,650,900,2800,2800,2800,986,147,90,150.28348578801948,2.348833000723971,2790.6843349992414,480.90872210953347
1787344273,40,,Aggregated,3.800000,0.300000,90,170,250,260,310,470,650,900,2800,2800,2800,992,148,90,150.1133073205516,2.348833000723971,2790.6843349992414,481.48487903225805
1787344274,40,,Aggregated,4.400000,0.400000,90,170,250,260,310,470,650,900,2800,2800,2800,993,148,90,150.0485621721923,2.348833000723971,2790.6843349992414,482.0453172205438
1787344275,40,,Aggregated,4.100000,0.300000,90,160,250,260,310,470,650,900,2800,2800,2800,999,149,90,149.6096898027862,2.348833000723971,2790.6843349992414,481.6346346346346
1787344276,40,,Aggregated,4.600000,0.400000,90,160,250,260,310,470,650,870,2600,2800,2800,1004,150,90,149.7132582041658,2.348833000723971,2790.6843349992414,481.64541832669323
1787344277,40,,Aggregated,4.400000,0.400000,90,170,250,260,320,470,650,870,2600,2800,2800,1010,151,90,149.92126327027876,2.348833000723971,2790.6843349992414,482.1920792079208
1787344278,40,,Aggregated,4.400000,0.500000,90,170,250,260,310,470,650,870,2600,2800,2800,1017,152,90,149.5549147266312,2.348833000723971,2790.6843349992414,483.29301868239924
1787344279,40,,Aggregated,4.200000,0.500000,89,170,250,260,310,460,650,870,2600,2800,2800,1021,153,89,149.29285000880134,2.348833000723971,2790.6843349992414,482.7179236043095
1787344280,40,,Aggregated,4.700000,0.600000,89,170,250,260,310,460,650,870,2600,2800,2800,1033,156,89,149.04161510453858,2.348833000723971,2790.6843349992414,481.05711519845113
1787344281,40,,Aggregated,4.800000,0.600000,89,170,250,260,310,460,650,870,2600,2800,2800,1036,157,89,148.89660894014386,2.348833000723971,2790.6843349992414,479.9662162162162
1787344282,40,,Aggregated,4.900000,0.700000,89,170,250,260,310,460,650,870,2600,2800,2800,1039,157,89,149.10040133588845,2.348833000723971,2790.6843349992414,481.5919153031761
1787344283,40,,Aggregated,5.900000,1.000000,90,170,250,260,310,460,650,870,2600,2800,2800,1040,157,89,149.29323568556586,2.348833000723971,2790.6843349992414,481.3067307692308
1787344284,40,,Aggregated,5.500000,1.000000,89,170,250,260,320,460,650,870,2600,2800,2800,1051,159,89,149.62225411416705,2.348833000723971,2790.6843349992414,479.82968601332067
1787344285,40,,Aggregated,5.300000,1.000000,90,170,250,260,320,460,650,870,2600,2800,2800,1054,159,89,149.54074983300794,2.348833000723971,2790.6843349992414,481.43548387096774
1787344286,40,,Aggregated,5.200000,1.000000,90,170,250,260,320,460,650,870,2600,2800,2800,1059,160,90,149.60918597733087,2.348833000723971,2790.6843349992414,481.438149197356
1787344287,40,,Aggregated,5.800000,1.100000,90,170,250,260,320,450,650,870,2600,2800,2800,1064,160,90,149.60064414190867,2.348833000723971,2790.6843349992414,484.0808270676692
1787344288,40,,Aggregated,5.500000,1.000000,90,170,250,260,320,450,650,870,2600,2800,2800,1067,160,90,149.31138780130385,2.348833000723971,2790.6843349992414,483.8294283036551
1787344289,40,,Aggregated,5.500000,1.000000,90,170,250,260,310,450,650,870,2600,2800,2800,1073,160,90,148.84867640632956,2.348833000723971,2790.6843349992414,485.14725069897486
1787344290,40,,Aggregated,5.300000,0.900000,90,170,250,260,310,450,650,870,2600,2800,2800,1076,161,89,148.6861549646768,2.348833000723971,2790.6843349992414,484.0845724907063
1787344291,40,,Aggregated,5.000000,0.800000,90,170,250,260,310,450,650,870,2600,2800,2800,1081,162,90,148.48908629323932,2.348833000723971,2790.6843349992414,483.1674375578168
1787344292,40,,Aggregated,5.200000,0.700000,89,170,250,260,310,450,650,870,2600,2800,2800,1087,163,89,148.10465910762852,2.348833000723971,2790.6843349992414,481.8380864765409
1787344293,40,,Aggregated,4.300000,0.500000,89,170,250,260,310,450,650,870,2600,2800,2800,1096,165,89,147.67456131568488,2.348833000723971,2790.6843349992414,480.38777372262774
1787344294,40,,Aggregated,4.300000,0.500000,89,160,250,260,310,440,630,850,2600,2800,2800,1102,166,89,147.3677137350179,2.348833000723971,2790.6843349992414,480.9019963702359
1787344295,40,,Aggregated,4.800000,0.600000,89,160,250,260,310,440,630,850,2600,2800,2800,1109,167,89,147.2375337348889,2.348833000723971,2790.6843349992414,481.03967538322814
1787344296,40,,Aggregated,5.200000,0.700000,89,170,250,260,310,440,630,850,2600,2800,2800,1112,167,89,147.30856388308763,2.348833000723971,2790.6843349992414,482.58273381294964
1787344298,40,,Aggregated,5.100000,0.700000,89,170,250,260,310,450,630,850,2600,2800,2800,1117,168,89,147.8486606580073,2.348833000723971,2790.6843349992414,481.02775290957925
1787344299,40,,Aggregated,5.500000,0.800000,90,170,250,260,310,460,650,850,2600,2800,2800,1132,173,90,149.00413386837155,2.348833000723971,2790.6843349992414,475.78533568904595
1787344300,40,,Aggregated,5.300000,0.700000,90,170,250,260,310,460,650,850,2600,2800,2800,1135,173,90,148.90928322202402,2.348833000723971,2790.6843349992414,476.43612334801765
1787344301,40,,Aggregated,5.300000,0.800000,90,170,250,260,310,450,650,850,2600,2800,2800,1143,175,90,148.87625995275474,2.348833000723971,2790.6843349992414,475.46806649168855
1787344302,40,,Aggregated,6.400000,1.300000,90,170,250,260,310,450,650,850,2600,2800,2800,1146,175,90,148.66767215793826,2.348833000723971,2790.6843349992414,476.11605584642234
1787344303,40,,Aggregated,6.200000,1.300000,90,170,250,260,310,450,650,850,2600,2800,2800,1148,175,90,148.50530916114744,2.2690410005452577,2790.6843349992414,476.23519163763063
1787344304,40,,Aggregated,6.500000,1.300000,90,170,250,260,310,450,650,850,2600,2800,2800,1154,176,90,148.41694937954722,2.2690410005452577,2790.6843349992414,476.7409012131716
1787344305,40,,Aggregated,6.500000,1.300000,90,170,250,260,310,450,650,850,2600,2800,2800,1156,176,90,148.33058517214158,2.2690410005452577,2790.6843349992414,477.71020761245677
1787344306,40,,Aggregated,6.100000,1.200000,90,170,250,260,310,450,650,850,2600,2800,2800,1161,177,90,147.9982685546922,2.2690410005452577,2790.6843349992414,476.87855297157626
1787344307,40,,Aggregated,5.400000,1.000000,90,170,250,260,310,450,650,850,2600,2800,2800,1165,177,90,147.99678995021327,2.2690410005452577,2790.6843349992414,477.96909871244634
1787344308,40,,Aggregated,5.400000,1.000000,90,170,250,260,310,450,650,850,2600,2800,2800,1168,177,90,147.8489306506808,2.2690410005452577,2790.6843349992414,479.4263698630137
1787344309,40,,Aggregated,5.200000,1.000000,90,170,250,260,310,450,650,850,2600,2800,2800,1171,177,90,147.59617129290672,2.2690410005452577,2790.6843349992414,480.05123825789923
1787344310,40,,Aggregated,5.200000,1.000000,90,160,250,260,310,450,650,850,2600,2800,2800,1174,177,90,147.49626941481603,2.2690410005452577,2790.6843349992414,481.49488926746164
1787344311,40,,Aggregated,5.100000,0.900000,90,160,250,260,310,440,650,850,2600,2800,2800,1182,178,90,147.1371431556636,2.2690410005452577,2790.6843349992414,481.28426395939084
1787344312,40,,Aggregated,3.900000,0.400000,90,160,250,260,310,440,650,850,2600,2800,2800,1186,179,90,147.20070587773336,2.2690410005452577,2790.6843349992414,480.7883642495784
1787344313,40,,Aggregated,3.900000,0.400000,90,160,250,260,310,440,650,850,2600,2800,2800,1188,179,90,147.12892017844422,2.2690410005452577,2790.6843349992414,481.74747474747477
1787344314,40,,Aggregated,3.900000,0.300000,90,160,250,260,310,440,650,850,2600,2800,2800,1193,180,90,146.80185747275468,1.8685000013647368,2790.6843349992414,480.89522212908633
1787344315,40,,Aggregated,4.000000,0.400000,90,170,250,260,310,440,630,820,2600,2800,2800,1205,182,90,147.13074378256988,1.8685000013647368,2790.6843349992414,481.0091286307054
1787344316,40,,Aggregated,4.000000,0.400000,90,170,250,260,310,440,630,820,2600,2800,2800,1210,183,89,147.03002287355147,1.8685000013647368,2790.6843349992414,480.20743801652895
1787344317,40,,Aggregated,4.300000,0.500000,90,170,250,260,320,450,630,820,2600,2800,2800,1216,183,90,147.7208304300953,1.8685000013647368,2790.6843349992414,482.1907894736842
1787344318,40,,Aggregated,4.900000,0.600000,90,170,250,260,320,450,630,820,2600,2800,2800,1218,183,90,147.67117553694166,1.8685000013647368,2790.6843349992414,483.1288998357964
1787344319,40,,Aggregated,4.900000,0.600000,90,170,250,260,320,450,630,820,2600,2800,2800,1220,183,90,147.68219973688164,1.8685000013647368,2790.6843349992414,484.04918032786884
1787344320,40,,Aggregated,5.000000,0.600000,90,170,250,260,320,460,650,820,2600,2800,2800,1225,184,90,148.61319409142385,1.8685000013647368,2790.6843349992414,484.0269387755102
1787344321,40,,Aggregated,5.000000,0.600000,91,170,250,260,320,470,650,820,2600,2800,2800,1229,184,91,149.42207585109176,1.8685000013647368,2790.6843349992414,485.8608624898291
1787344322,40,,Aggregated,5.000000,0.700000,91,170,250,260,320,470,650,820,2600,2800,2800,1232,184,91,149.30497792612945,1.8685000013647368,2790.6843349992414,487.22402597402595
1787344323,40,,Aggregated,5.000000,0.700000,91,170,250,260,320,470,650,820,2600,2800,2800,1233,184,91,149.19701166990427,1.8685000013647368,2790.6843349992414,486.8807785888078
1787344324,40,,Aggregated,4.700000,0.600000,91,170,250,260,320,460,650,820,2600,2800,2800,1245,186,91,149.69858793011215,1.8685000013647368,2790.6843349992414,486.16787148594375
1787344325,40,,Aggregated,4.500000,0.500000,91,170,250,260,320,470,640,820,2600,2800,2800,1255,188,91,149.5373048924246,1.8685000013647368,2790.6843349992414,484.54581673306774
1787344326,40,,Aggregated,4.500000,0.500000,91,170,250,260,320,470,640,820,2600,2800,2800,1260,189,91,149.23943060158248,1.8685000013647368,2790.6843349992414,483.75555555555553
1787344327,40,,Aggregated,5.200000,0.600000,91,170,250,260,320,470,640,820,2600,2800,2800,1264,190,91,149.51193121755531,1.8685000013647368,2790.6843349992414,483.29509493670884
1787344328,40,,Aggregated,4.900000,0.600000,91,170,250,260,320,470,640,820,2600,2800,2800,1272,191,91,149.6806256037678,1.8685000013647368,2790.6843349992414,483.8419811320755
1787344329,40,,Aggregated,4.900000,0.600000,91,170,250,260,320,470,640,820,2600,2800,2800,1272,191,91,149.6806256037678,1.8685000013647368,2790.6843349992414,483.8419811320755
1787344330,40,,Aggregated,5.400000,0.800000,91,170,250,260,320,470,640,820,2600,2800,2800,1275,191,91,149.80889200783741,1.8685000013647368,2790.6843349992414,485.1858823529412
1787344331,40,,Aggregated,5.400000,0.800000,91,170,250,260,320,470,640,820,2600,2800,2800,1279,191,91,149.52445847771043,1.8685000013647368,2790.6843349992414,486.199374511337
1787344332,40,,Aggregated,5.000000,0.700000,91,170,250,260,320,460,640,820,2600,2800,2800,1281,191,91,149.4525999687687,1.8685000013647368,2790.6843349992414,487.0647931303669
1787344333,40,,Aggregated,5.000000,0.700000,91,170,250,260,320,460,640,820,2600,2800,2800,1281,191,91,149.4525999687687,1.8685000013647368,2790.6843349992414,487.0647931303669
1787344334,40,,Aggregated,5.000000,0.700000,91,170,250,260,320,460,640,820,2600,2800,2800,1291,193,91,149.50680691479232,1.8685000013647368,2790.6843349992414,487.0193648334624
1787344335,40,,Aggregated,4.800000,0.700000,91,170,250,260,330,450,630,810,2600,2800,2800,1303,196,91,149.47500145510327,1.8685000013647368,2790.6843349992414,484.90176515732924
1787344336,40,,Aggregated,4.800000,0.700000,91,170,250,260,330,450,630,810,2600,2800,2800,1306,197,91,149.32654477718094,1.8685000013647368,2790.6843349992414,484.0252679938744
1787344337,40,,Aggregated,4.500000,0.700000,91,180,250,260,330,450,630,810,2600,2800,2800,1308,197,91,149.2735774243094,1.8685000013647368,2790.6843349992414,484.1467889908257
1787344338,40,,Aggregated,4.500000,0.700000,91,170,250,260,330,450,630,810,2600,2800,2800,1310,197,91,149.22318134503607,1.8685000013647368,2790.6843349992414,484.98091603053433
1787344339,40,,Aggregated,4.300000,0.700000,91,170,250,260,320,450,630,810,2600,2800,2800,1319,198,91,148.96243790977567,1.8685000013647368,2790.6843349992414,485.1948445792267
1787344340,40,,Aggregated,3.800000,0.600000,91,170,250,260,320,450,630,810,2600,2800,2800,1320,198,91,148.95093394772323,1.8685000013647368,2790.6843349992414,485.6136363636364
1787344341,40,,Aggregated,4.600000,0.700000,91,170,250,260,320,450,630,810,2600,2800,2800,1321,198,91,148.92370080998725,1.8685000013647368,2790.6843349992414,486.0401211203634
1787344342,40,,Aggregated,4.500000,0.700000,91,170,250,260,320,450,630,810,2600,2800,2800,1326,199,91,148.56976764403979,1.8685000013647368,2790.6843349992414,484.54072398190044
1787344343,40,,Aggregated,4.100000,0.700000,91,170,250,260,320,450,630,810,2600,2800,2800,1327,199,91,148.5536193956264,1.8685000013647368,2790.6843349992414,484.95252449133386
1787344344,40,,Aggregated,4.600000,0.800000,91,170,250,260,320,450,630,810,2600,2800,2800,1330,199,91,148.41608566841893,1.8685000013647368,2790.6843349992414,486.2157894736842
1787344345,40,,Aggregated,4.500000,0.800000,91,170,250,260,320,450,630,810,2600,2800,2800,1333,199,91,148.29818418829586,1.8685000013647368,2790.6843349992414,487.5048762190548
1787344346,40,,Aggregated,3.800000,0.600000,91,170,250,260,320,450,630,810,2600,2800,2800,1335,199,91,148.44765195205883,1.8685000013647368,2790.6843349992414,488.36029962546814
1787344347,40,,Aggregated,3.300000,0.400000,91,170,250,260,320,440,630,810,2600,2800,2800,1342,200,91,148.2266604113231,1.8685000013647368,2790.6843349992414,488.43368107302535
1787344348,40,,Aggregated,2.700000,0.200000,91,170,250,260,320,440,620,810,2600,2800,2800,1352,202,91,148.0550069829833,1.8685000013647368,2790.6843349992414,486.17529585798815
1787344349,40,,Aggregated,3.100000,0.200000,91,170,250,260,320,440,620,810,2600,2800,2800,1355,202,91,148.1696146856042,1.8685000013647368,2790.6843349992414,487.4051660516605
1787344350,40,,Aggregated,3.100000,0.200000,92,170,250,260,320,440,620,810,2600,2800,2800,1358,202,91,148.11540714285286,1.8685000013647368,2790.6843349992414,488.6561119293078
1787344351,40,,Aggregated,3.400000,0.400000,91,170,250,260,320,440,620,810,2600,2800,2800,1365,203,91,147.7535896695928,1.8685000013647368,2790.6843349992414,488.007326007326
1787344352,40,,Aggregated,3.900000,0.400000,92,170,250,260,320,440,620,810,2600,2800,2800,1368,203,91,147.58968139546343,1.8685000013647368,2790.6843349992414,488.52485380116957
1787344353,40,,Aggregated,3.900000,0.400000,91,170,250,260,320,440,620,810,2600,2800,2800,1372,204,91,147.42433073906236,1.8685000013647368,2790.6843349992414,488.0881924198251
1787344354,40,,Aggregated,4.100000,0.400000,91,170,250,260,320,440,620,810,2600,2800,2800,1374,204,91,147.33629044104288,1.8685000013647368,2790.6843349992414,488.91339155749637
1787344355,40,,Aggregated,4.600000,0.500000,91,170,250,260,320,440,620,810,2600,2800,2800,1375,204,91,147.3052817141777,1.8685000013647368,2790.6843349992414,489.32509090909093
1787344356,40,,Aggregated,4.600000,0.500000,91,170,250,260,320,440,620,810,2600,2800,2800,1381,205,91,147.1327068131746,1.8685000013647368,2790.6843349992414,489.6951484431571
1787344357,40,,Aggregated,4.200000,0.500000,91,170,250,260,320,440,620,810,2600,2800,2800,1387,205,91,147.34165379739986,1.8685000013647368,2790.6843349992414,491.39581831290553
1787344358,40,,Aggregated,4.200000,0.500000,91,170,250,260,320,440,620,810,2600,2800,2800,1391,206,91,147.27855225952237,1.8685000013647368,2790.6843349992414,490.9669302659957
1787344359,40,,Aggregated,4.700000,0.600000,91,170,250,260,320,440,620,810,2600,2800,2800,1399,207,91,146.9452106147211,1.8685000013647368,2790.6843349992414,491.42959256611863
1787344360,40,,Aggregated,4.400000,0.500000,91,170,250,260,320,440,610,800,2600,2800,2800,1406,208,91,146.79907218065105,1.8685000013647368,2790.6843349992414,492.1913229018492
1787344361,40,,Aggregated,4.400000,0.500000,91,170,250,260,320,440,610,800,2600,2800,2800,1408,208,91,146.70067133309314,1.8685000013647368,2790.6843349992414,492.97940340909093
1787344362,40,,Aggregated,4.300000,0.500000,91,170,250,260,320,440,610,800,2600,2800,2800,1412,209,91,146.4745018491469,1.8685000013647368,2790.6843349992414,491.85127478753543
1787344363,40,,Aggregated,4.700000,0.600000,91,170,250,260,320,440,610,800,2600,2800,2800,1415,210,91,146.39188700423895,1.8685000013647368,2790.6843349992414,491.0247349823322
1787344364,40,,Aggregated,4.600000,0.600000,91,170,250,260,320,430,610,800,2600,2800,2800,1422,210,90,146.18903805344328,1.8685000013647368,2790.6843349992414,492.38115330520395
1787344365,40,,Aggregated,4.600000,0.600000,91,170,250,260,320,430,610,800,2600,2800,2800,1423,210,91,146.15352019465607,1.8685000013647368,2790.6843349992414,492.76739283204495
1787344366,40,,Aggregated,4.700000,0.600000,91,170,250,260,320,430,610,800,2600,2800,2800,1426,210,90,146.09054428821472,1.8685000013647368,2790.6843349992414,493.2328190743338
1787344367,40,,Aggregated,4.900000,0.600000,91,170,250,260,320,430,610,800,2600,2800,2800,1429,210,91,146.03807801819076,1.8685000013647368,2790.6843349992414,494.38978306508045
1787344368,40,,Aggregated,4.400000,0.500000,91,170,250,260,320,430,610,800,2600,2800,2800,1433,211,91,145.8514468981124,1.8685000013647368,2790.6843349992414,493.2728541521284
1787344369,40,,Aggregated,4.300000,0.500000,91,170,250,260,320,430,610,800,2600,2800,2800,1440,212,90,145.6766753972184,1.8685000013647368,2790.6843349992414,493.31041666666664
1787344370,40,,Aggregated,3.900000,0.400000,90,160,250,260,310,430,610,800,2600,2800,2800,1445,212,90,145.5836649875371,1.8685000013647368,2790.6843349992414,495.2373702422145
1787344371,40,,Aggregated,4.400000,0.500000,91,160,250,260,310,430,610,800,2600,2800,2800,1449,212,91,145.46455267425284,1.8685000013647368,2790.6843349992414,496.7577639751553
1787344372,40,,Aggregated,3.800000,0.400000,90,160,250,260,310,430,610,800,2600,2800,2800,1453,212,90,145.30938462972682,1.8685000013647368,2790.6843349992414,498.25602202339985
1787344373,40,,Aggregated,3.800000,0.400000,90,160,250,260,310,430,610,800,2600,2800,2800,1455,212,90,145.21478430239952,1.8685000013647368,2790.6843349992414,499.013058419244
1787344374,40,,Aggregated,3.900000,0.300000,91,160,250,260,310,430,610,800,2600,2800,2800,1464,214,90,145.19214400819348,1.8685000013647368,2790.6843349992414,497.1530054644809
1787344375,40,,Aggregated,4.000000,0.200000,91,160,250,260,310,430,610,800,2600,2800,2800,1468,214,91,145.28908440871834,1.8685000013647368,2790.6843349992414,497.9775204359673
1787344376,40,,Aggregated,4.000000,0.300000,91,170,250,260,310,430,620,800,2600,2800,2800,1481,218,91,146.3305896056724,1.8685000013647368,2790.6843349992414,494.4760297096556
1787344377,40,,Aggregated,4.400000,0.400000,91,170,250,260,320,440,630,800,2600,2800,2800,1488,219,91,146.8408719737909,1.8685000013647368,2790.6843349992414,495.1545698924731
1787344378,40,,Aggregated,4.400000,0.400000,91,170,250,260,320,440,630,800,2600,2800,2800,1492,220,91,146.87114904289504,1.8685000013647368,2790.6843349992414,494.73994638069706
1787344379,40,,Aggregated,5.700000,0.800000,91,170,250,260,320,440,630,800,2600,2800,2800,1497,221,91,146.71228055978568,1.8685000013647368,2790.6843349992414,494.68937875751504
1787344380,40,,Aggregated,6.200000,1.000000,91,170,250,260,310,440,620,790,2600,2800,2800,1504,222,91,146.52692976928245,1.8685000013647368,2790.6843349992414,495.37034574468083
1787344381,40,,Aggregated,5.700000,0.900000,91,170,250,260,310,440,620,790,2600,2800,2800,1506,222,91,146.44522078154023,1.8685000013647368,2790.6843349992414,496.0989375830013
1787344382,40,,Aggregated,5.700000,0.900000,91,170,250,260,310,440,620,790,2600,2800,2800,1510,223,91,146.33546782384056,1.8685000013647368,2790.6843349992414,495.6860927152318
1787344383,40,,Aggregated,5.900000,1.000000,91,170,250,260,310,440,620,790,2600,2800,2800,1515,224,91,146.21972862904258,1.8685000013647368,2790.6843349992414,495.6244224422442
1787344384,40,,Aggregated,5.600000,1.000000,91,170,250,260,310,440,620,790,2600,2800,2800,1519,225,91,146.02745728900663,1.8685000013647368,2790.6843349992414,494.54509545753785
1787344385,40,,Aggregated,5.800000,1.200000,91,160,250,260,310,430,620,790,2600,2800,2800,1524,226,91,145.89108229265267,1.8685000013647368,2790.6843349992414,494.51049868766404
1787344386,40,,Aggregated,5.600000,1.100000,91,170,250,260,310,440,620,790,2600,2800,2800,1531,228,91,145.94399150686078,1.8685000013647368,2790.6843349992414,493.33572828216853
1787344387,40,,Aggregated,5.600000,1.200000,91,170,250,260,310,440,630,790,2600,2800,2800,1542,230,91,146.60820125162556,1.8685000013647368,2790.6843349992414,493.62321660181584
1787344388,40,,Aggregated,5.600000,1.200000,91,170,250,260,310,440,630,790,2600,2800,2800,1544,230,91,146.48235373251862,1.8685000013647368,2790.6843349992414,493.69948186528495
1787344389,40,,Aggregated,5.500000,1.200000,91,170,250,260,310,440,630,790,2600,2800,2800,1545,230,91,146.45519978188292,1.8685000013647368,2790.6843349992414,494.06407766990293
1787344390,40,,Aggregated,5.200000,1.000000,91,170,250,260,310,440,630,790,2600,2800,2800,1549,230,91,146.35617825759184,1.8685000013647368,2790.6843349992414,494.85603615235635
1787344391,40,,Aggregated,4.900000,0.900000,91,160,250,260,310,440,620,790,2600,2800,2800,1553,230,91,146.19638334128177,1.8685000013647368,2790.6843349992414,496.27495170637474
1787344392,40,,Aggregated,4.800000,0.900000,91,170,250,260,310,440,620,790,2600,2800,2800,1562,232,91,146.15781361780665,1.8685000013647368,2790.6843349992414,495.8226632522407
1787344393,40,,Aggregated,4.700000,0.800000,91,170,250,260,310,440,620,790,2600,2800,2800,1565,233,91,146.05636362876302,1.8685000013647368,2790.6843349992414,495.07156549520766
1787344394,40,,Aggregated,4.600000,0.800000,92,170,250,260,310,440,620,790,2600,2800,2800,1578,235,91,146.3473968352434,1.8685000013647368,2790.6843349992414,494.1653992395437
1787344395,40,,Aggregated,4.600000,0.800000,92,170,250,260,310,440,620,790,2600,2800,2800,1578,235,91,146.3473968352434,1.8685000013647368,2790.6843349992414,494.1653992395437
1787344396,40,,Aggregated,5.400000,1.000000,91,170,250,260,310,430,620,790,2600,2800,2800,1583,236,91,146.14276192230855,1.8685000013647368,2790.6843349992414,493.4927353126974
1787344397,40,,Aggregated,5.500000,0.900000,92,170,250,260,310,430,620,790,2600,2800,2800,1591,237,92,145.99211373790897,1.8685000013647368,2790.6843349992414,493.8868636077938
1787344398,40,,Aggregated,5.100000,0.800000,91,170,250,260,310,430,620,790,2600,2800,2800,1594,237,91,145.87522584630761,1.8685000013647368,2790.6843349992414,494.9159347553325
1787344399,40,,Aggregated,5.100000,0.800000,91,160,250,260,310,430,620,790,2600,2800,2800,1599,237,91,145.62685285054002,1.8685000013647368,2790.6843349992414,495.3914946841776
1787344400,40,,Aggregated,4.800000,0.700000,92,170,250,260,310,430,620,790,2600,2800,2800,1605,238,92,145.93406967851402,1.8685000013647368,2790.6843349992414,495.6803738317757
1787344401,40,,Aggregated,5.000000,0.700000,91,160,250,260,310,430,620,790,2600,2800,2800,1609,238,91,145.78858796955475,1.8685000013647368,2790.6843349992414,497.0441267868241
1787344402,40,,Aggregated,5.100000,0.700000,91,160,250,260,310,430,620,790,2600,2800,2800,1615,239,91,145.48197474304223,1.8685000013647368,2790.6843349992414,496.12260061919505
1787344403,40,,Aggregated,5.600000,0.800000,91,160,250,260,310,430,620,790,2600,2800,2800,1623,241,91,145.3246823271804,1.8685000013647368,2790.6843349992414,494.7325939617991
1787344404,40,,Aggregated,5.900000,0.900000,91,160,250,260,310,430,620,790,2600,2800,2800,1626,241,91,145.31769951968798,1.8685000013647368,2790.6843349992414,495.7410824108241
1787344405,40,,Aggregated,5.400000,0.700000,91,170,250,260,310,430,620,790,2600,2800,2800,1635,243,91,145.45288463425953,1.8685000013647368,2790.6843349992414,494.70703363914373
1787344406,40,,Aggregated,5.400000,0.700000,91,170,250,260,310,430,620,790,2600,2800,2800,1638,243,91,145.40956054274318,1.8685000013647368,2790.6843349992414,495.7106227106227
1787344407,40,,Aggregated,5.400000,0.700000,91,170,250,260,310,430,620,790,2600,2800,2800,1640,243,91,145.34621034147148,1.8685000013647368,2790.6843349992414,495.7957317073171
1787344408,40,,Aggregated,5.600000,0.800000,91,170,250,260,310,430,620,790,2600,2800,2800,1649,244,91,145.35635301880822,1.8685000013647368,2790.6843349992414,495.2995755003032
1787344409,40,,Aggregated,5.600000,0.800000,91,170,250,260,310,430,620,790,2600,2800,2800,1649,244,91,145.35635301880822,1.8685000013647368,2790.6843349992414,495.2995755003032
1787344410,40,,Aggregated,4.800000,0.600000,91,170,250,260,310,430,610,790,2600,2800,2800,1652,244,91,145.32766225424623,1.8685000013647368,2790.6843349992414,496.3044794188862
1787344411,40,,Aggregated,5.400000,0.700000,91,160,250,260,310,430,610,790,2600,2800,2800,1655,244,91,145.18580226768333,1.8685000013647368,2790.6843349992414,496.71117824773415
1787344412,40,,Aggregated,5.200000,0.700000,91,160,250,260,310,430,610,790,2600,2800,2800,1659,245,91,145.05201913985334,1.8685000013647368,2790.6843349992414,496.34297769740806
1787344413,40,,Aggregated,4.600000,0.600000,91,160,250,260,310,430,610,790,2600,2800,2800,1662,246,91,144.97320798496798,1.8685000013647368,2790.6843349992414,495.63116726835136
1787344414,40,,Aggregated,4.300000,0.500000,91,160,250,260,300,430,610,790,2600,2800,2800,1671,248,91,144.88350119809485,1.8685000013647368,2790.6843349992414,495.1998803111909
1787344415,40,,Aggregated,4.300000,0.600000,91,160,250,260,300,430,610,790,2600,2800,2800,1675,248,91,144.69773674329443,1.8685000013647368,2790.6843349992414,495.9301492537313
1787344416,40,,Aggregated,4.400000,0.600000,91,160,250,260,310,430,610,790,2600,2800,2800,1678,248,91,144.8269238700949,1.8685000013647368,2790.6843349992414,496.9177592371871
1787344417,40,,Aggregated,4.600000,0.700000,91,160,250,260,300,430,610,790,2600,2800,2800,1683,249,91,144.73834311527992,1.8685000013647368,2790.6843349992414,496.86571598336303
1787344418,40,,Aggregated,4.000000,0.500000,92,160,250,260,300,430,610,790,2600,2800,2800,1695,251,92,144.57035007611353,1.8685000013647368,2790.6843349992414,496.83834808259587
1787344419,40,,Aggregated,4.000000,0.500000,92,160,250,260,300,430,610,790,2600,2800,2800,1697,251,92,144.52791610430964,1.8685000013647368,2790.6843349992414,497.47200942840306
1787344420,40,,Aggregated,4.000000,0.500000,92,160,250,260,300,430,610,790,2600,2800,2800,1698,251,92,144.49958004771102,1.8685000013647368,2790.6843349992414,497.80094228504123
1787344421,40,,Aggregated,4.600000,0.700000,92,160,250,260,300,430,610,790,2600,2800,2800,1709,253,92,144.45256122352964,1.8685000013647368,2790.6843349992414,498.0321825629023
1787344422,40,,Aggregated,4.600000,0.700000,92,160,250,260,300,430,610,790,2600,2800,2800,1710,253,92,144.41423794211227,1.8685000013647368,2790.6843349992414,498.353216374269
1787344423,40,,Aggregated,4.500000,0.700000,92,160,250,260,300,430,610,790,2600,2800,2800,1719,255,92,144.3258605817413,1.8685000013647368,2790.6843349992414,496.76847004072135
1787344424,40,,Aggregated,5.500000,0.900000,92,170,250,260,300,420,610,790,2600,2800,2800,1726,256,92,144.275532160493,1.8685000013647368,2790.6843349992414,496.77114716106604
1787344425,40,,Aggregated,5.500000,0.900000,92,170,250,260,300,420,610,790,2600,2800,2800,1726,256,92,144.275532160493,1.8685000013647368,2790.6843349992414,496.77114716106604
1787344426,40,,Aggregated,5.700000,0.900000,92,170,250,260,300,430,610,790,2600,2800,2800,1734,257,92,144.4921380778609,1.8685000013647368,2790.6843349992414,497.1147635524798
1787344427,40,,Aggregated,5.400000,0.800000,92,160,250,260,300,430,610,790,2600,2800,2800,1742,258,91,144.1658658691229,1.8685000013647368,2790.6843349992414,497.4408725602755
1787344428,40,,Aggregated,5.500000,0.900000,92,170,250,260,300,430,610,790,2600,2800,2800,1746,259,91,144.1415376643842,1.8685000013647368,2790.6843349992414,497.08190148911797
1787344429,40,,Aggregated,5.700000,1.000000,91,160,250,260,300,430,610,790,2600,2800,2800,1749,259,91,144.02524374100395,1.8685000013647368,2790.6843349992414,497.45854774156663
1787344430,40,,Aggregated,5.500000,0.800000,91,160,250,260,300,430,600,790,2600,2800,2800,1758,261,91,143.951206135961,1.8685000013647368,2790.6843349992414,497.04266211604096
1787344431,40,,Aggregated,5.200000,0.800000,91,160,250,260,300,420,600,790,2600,2800,2800,1763,262,91,143.76063313784428,1.8685000013647368,2790.6843349992414,496.44696539988655
1787344432,40,,Aggregated,5.100000,0.800000,91,160,250,260,300,420,600,790,2600,2800,2800,1765,262,91,143.6634836713997,1.8685000013647368,2790.6843349992414,496.50934844192636
1787344433,40,,Aggregated,6.100000,1.000000,91,160,250,260,300,420,600,790,2600,2800,2800,1767,262,91,143.6036076995019,1.8685000013647368,2790.6843349992414,497.1335597057159
1787344434,40,,Aggregated,5.300000,0.900000,91,160,250,260,300,420,600,790,2600,2800,2800,1771,263,91,143.60255329645406,1.8685000013647368,2790.6843349992414,496.7752682100508
1787344435,40,,Aggregated,5.500000,0.900000,91,160,250,260,300,420,600,790,2600,2800,2800,1778,264,91,143.34740240214867,1.8685000013647368,2790.6843349992414,496.80483689538806
1787344436,40,,Aggregated,4.200000,0.600000,91,160,250,260,300,430,600,790,2600,2800,2800,1783,265,91,143.64866807628704,1.8685000013647368,2790.6843349992414,496.75154234436343
1787344437,40,,Aggregated,4.900000,0.800000,91,160,250,260,300,430,600,790,2600,2800,2800,1790,266,91,143.77103657599082,1.8685000013647368,2790.6843349992414,497.32569832402237
1787344438,40,,Aggregated,4.800000,0.700000,91,160,250,260,300,430,600,790,2600,2800,2800,1791,266,91,143.7375144545073,1.8685000013647368,2790.6843349992414,497.6326074818537
1787344439,40,,Aggregated,4.600000,0.700000,91,160,250,260,300,430,600,790,2600,2800,2800,1795,267,91,143.7932819944412,1.8685000013647368,2790.6843349992414,497.2857938718663
1787344440,40,,Aggregated,4.800000,0.800000,91,160,250,260,300,420,600,740,2600,2800,2800,1802,267,91,143.50433972309878,1.8685000013647368,2790.6843349992414,498.3046614872364
1787344441,40,,Aggregated,4.400000,0.700000,91,160,250,260,300,420,600,740,2600,2800,2800,1805,267,91,143.41520413962462,1.8685000013647368,2790.6843349992414,499.22382271468143
1787344442,40,,Aggregated,4.700000,0.800000,91,160,250,260,300,420,600,740,2600,2800,2800,1808,267,91,143.28373972899382,1.8685000013647368,2790.6843349992414,499.5768805309734
1787344443,40,,Aggregated,4.300000,0.600000,91,160,250,260,300,420,600,740,2600,2800,2800,1816,269,91,143.15003912831494,1.8685000013647368,2790.6843349992414,498.3144273127753
1787344444,40,,Aggregated,4.200000,0.500000,91,160,250,260,300,420,600,740,2600,2800,2800,1825,271,91,142.8976275200114,1.8685000013647368,2790.6843349992414,496.84767123287673
1787344445,40,,Aggregated,4.200000,0.500000,91,160,250,260,300,420,600,740,2600,2800,2800,1825,271,91,142.8976275200114,1.8685000013647368,2790.6843349992414,496.84767123287673
1787344446,40,,Aggregated,4.900000,0.700000,91,160,250,260,300,420,600,740,2600,2800,2800,1829,272,91,142.8253145019256,1.8685000013647368,2790.6843349992414,496.513395297977
1787344447,40,,Aggregated,5.000000,0.700000,90,160,250,260,300,420,600,740,2600,2800,2800,1841,274,90,142.4864697501476,1.8685000013647368,2790.6843349992414,496.4915806626833
1787344449,40,,Aggregated,4.700000,0.700000,90,160,250,260,300,420,590,740,2600,2800,2800,1851,276,90,142.5748058822384,1.8685000013647368,2790.6843349992414,495.3209076175041
1787344450,40,,Aggregated,4.600000,0.700000,90,160,250,260,300,420,590,740,2600,2800,2800,1855,277,90,142.45001627494509,1.8685000013647368,2790.6843349992414,494.455525606469
1787344451,40,,Aggregated,5.100000,0.800000,90,160,250,260,300,420,590,740,2600,2800,2800,1859,278,90,142.38898010974862,1.8685000013647368,2790.6843349992414,494.122646584185
1787344452,40,,Aggregated,6.000000,1.000000,90,160,250,260,300,420,590,740,2600,2800,2800,1868,280,90,142.30872929016272,1.8685000013647368,2790.6843349992414,493.23286937901497
1787344453,40,,Aggregated,5.900000,1.000000,90,160,250,260,300,420,590,740,2600,2800,2800,1870,280,90,142.25521618878147,1.8685000013647368,2790.6843349992414,493.82032085561497
1787344454,40,,Aggregated,5.700000,1.100000,90,160,250,260,300,410,590,740,2600,2800,2800,1881,283,90,142.26878277512685,1.8685000013647368,2790.6843349992414,492.5412014885699
1787344455,40,,Aggregated,6.300000,1.300000,90,160,250,260,300,410,590,740,2600,2800,2800,1888,283,90,142.04045680244357,1.8685000013647368,2790.6843349992414,494.5873940677966
1787344456,40,,Aggregated,6.200000,1.300000,90,160,250,260,300,410,590,740,2600,2800,2800,1891,283,90,141.85440542147802,1.8685000013647368,2790.6843349992414,494.38868323638286
1787344457,40,,Aggregated,6.500000,1.400000,90,160,250,260,300,410,590,740,2600,2800,2800,1893,283,90,141.89789224882023,1.8685000013647368,2790.6843349992414,494.9820390913893
1787344458,40,,Aggregated,6.300000,1.200000,90,160,250,250,300,410,590,720,2600,2800,2800,1902,285,90,141.58688986593882,1.8685000013647368,2790.6843349992414,493.5757097791798
1787344459,40,,Aggregated,6.600000,1.200000,90,160,250,250,300,410,590,720,2600,2800,2800,1906,286,90,141.477587172097,1.8685000013647368,2790.6843349992414,493.24973767051415
1787344460,40,,Aggregated,6.100000,1.100000,90,160,250,250,300,410,590,720,2600,2800,2800,1910,287,90,141.40087747906747,1.8685000013647368,2790.6843349992414,492.93664921465967
1787344461,40,,Aggregated,6.100000,1.100000,90,160,250,250,300,410,590,720,2600,2800,2800,1916,287,90,141.30665452453903,1.8685000013647368,2790.6843349992414,494.67901878914404
1787344462,40,,Aggregated,5.500000,1.000000,90,160,250,250,300,410,590,720,2600,2800,2800,1920,288,90,141.1973526619882,1.8685000013647368,2790.6843349992414,494.359375
1787344463,40,,Aggregated,5.200000,0.900000,90,160,250,250,300,410,590,720,2600,2800,2800,1924,288,90,141.13510944387696,1.8685000013647368,2790.6843349992414,495.5067567567568
1787344464,40,,Aggregated,5.700000,0.900000,90,160,250,250,300,410,590,720,2600,2800,2800,1930,290,90,141.37271890570855,1.8685000013647368,2790.6843349992414,494.28652849740934
1787344465,40,,Aggregated,5.400000,0.800000,90,160,250,250,300,410,590,720,2600,2800,2800,1933,290,90,141.29227295034454,1.8685000013647368,2790.6843349992414,494.6176927056389
1787344466,40,,Aggregated,4.900000,0.700000,90,160,250,260,300,410,590,720,2600,2800,2800,1943,293,90,141.8805119387644,1.8685000013647368,2790.6843349992414,493.0916109109624
1787344467,40,,Aggregated,4.900000,0.700000,91,160,250,260,300,420,600,740,2600,2800,2800,1946,293,91,142.65999498407947,1.8685000013647368,2790.6843349992414,493.95220966084275
1787344468,40,,Aggregated,4.300000,0.700000,91,160,250,260,300,420,600,740,2600,2800,2800,1957,296,91,142.76820949822007,1.8685000013647368,2790.6843349992414,492.7358201328564
1787344469,40,,Aggregated,4.800000,0.800000,91,160,250,260,300,420,600,740,2600,2800,2800,1959,296,91,142.70970975192242,1.8685000013647368,2790.6843349992414,493.3062787136294
1787344470,40,,Aggregated,5.300000,1.000000,91,160,250,260,300,420,600,740,2600,2800,2800,1966,297,90,142.58567282910232,1.8685000013647368,2790.6843349992414,493.3474059003052
1787344471,40,,Aggregated,5.500000,1.100000,91,160,250,260,300,420,600,740,2600,2800,2800,1968,297,91,142.5718291575274,1.8685000013647368,2790.6843349992414,493.907012195122
1787344472,40,,Aggregated,5.900000,1.100000,91,160,250,260,300,430,600,740,2600,2800,2800,1981,301,91,143.0559348783503,1.8685000013647368,2790.6843349992414,491.8248359414437
1787344473,40,,Aggregated,5.900000,1.100000,91,160,250,260,300,430,600,740,2600,2800,2800,1981,301,91,143.0559348783503,1.8685000013647368,2790.6843349992414,491.8248359414437
1787344474,40,,Aggregated,5.700000,1.200000,91,160,250,260,300,430,600,740,2600,2800,2800,1986,301,91,142.92169790332832,1.8685000013647368,2790.6843349992414,493.2109768378651
1787344475,40,,Aggregated,5.700000,1.200000,91,160,250,260,300,430,600,740,2600,2800,2800,1988,301,91,142.87799465292218,1.8685000013647368,2790.6843349992414,493.7736418511066
1787344476,40,,Aggregated,5.700000,1.300000,91,160,250,260,300,430,600,740,2600,2800,2800,1996,303,91,142.8344279153354,1.8685000013647368,2790.6843349992414,492.6643286573146
1787344477,40,,Aggregated,5.500000,1.100000,91,160,250,260,300,430,600,720,2100,2800,2800,2001,303,91,142.81230605247833,1.8685000013647368,2790.6843349992414,493.55722138930537
1787344478,40,,Aggregated,5.700000,1.100000,91,160,250,260,300,430,600,720,2100,2800,2800,2005,303,91,142.62266165536838,1.8685000013647368,2790.6843349992414,493.6758104738155
1787344479,40,,Aggregated,5.500000,1.000000,91,160,250,260,300,430,600,720,2100,2800,2800,2008,303,91,142.57703855179952,1.8685000013647368,2790.6843349992414,494.50996015936255
1787344480,40,,Aggregated,4.800000,0.700000,91,160,250,260,300,430,600,720,2100,2800,2800,2010,303,91,142.50944332239538,1.8685000013647368,2790.6843349992414,494.5582089552239
1787344481,40,,Aggregated,4.800000,0.700000,91,160,250,260,300,430,600,720,2100,2800,2800,2014,304,91,142.41977852731577,1.8685000013647368,2790.6843349992414,494.25124131082424
1787344482,40,,Aggregated,4.300000,0.600000,91,160,250,260,300,430,600,720,2100,2800,2800,2022,305,91,142.29539370920548,1.8685000013647368,2790.6843349992414,494.5440158259149
1787344483,40,,Aggregated,4.600000,0.700000,91,160,250,260,300,430,600,720,2100,2800,2800,2025,305,91,142.2217213560558,1.8685000013647368,2790.6843349992414,494.8553086419753
1787344484,40,,Aggregated,4.100000,0.400000,91,160,250,250,300,430,600,720,2100,2800,2800,2029,305,91,142.06431330951938,1.8685000013647368,2790.6843349992414,495.4706752094628
1787344485,40,,Aggregated,4.300000,0.400000,91,160,250,260,300,430,600,720,2100,2800,2800,2038,307,91,142.30548043327673,1.8685000013647368,2790.6843349992414,494.7173699705594
1787344486,40,,Aggregated,4.300000,0.400000,91,160,250,260,310,430,600,720,2100,2800,2800,2043,308,91,142.53511365982192,1.8685000013647368,2790.6843349992414,495.1062163485071
1787344487,40,,Aggregated,4.300000,0.400000,91,160,250,260,310,430,600,720,2100,2800,2800,2045,308,91,142.5519392415727,1.8685000013647368,2790.6843349992414,495.63814180929097
1787344488,40,,Aggregated,4.900000,0.600000,91,160,250,260,300,430,590,720,2100,2800,2800,2052,309,91,142.5410689361675,1.8685000013647368,2790.6843349992414,495.18518518518516
1787344489,40,,Aggregated,4.700000,0.500000,91,160,250,260,310,430,590,720,2100,2800,2800,2060,311,91,142.39267396796907,1.8685000013647368,2790.6843349992414,494.09660194174756
1787344490,40,,Aggregated,4.400000,0.500000,91,160,250,260,300,430,590,720,2100,2800,2800,2061,311,91,142.42382728821786,1.8685000013647368,2790.6843349992414,494.3702086365842
1787344491,40,,Aggregated,5.400000,0.800000,91,160,250,260,300,430,590,720,2100,2800,2800,2070,313,91,142.33082491836527,1.8685000013647368,2790.6843349992414,493.54347826086956
1787344492,40,,Aggregated,5.200000,0.800000,91,160,250,260,300,430,590,720,2100,2800,2800,2075,314,91,142.25708190651343,1.8685000013647368,2790.6843349992414,493.0168674698795
1787344493,40,,Aggregated,5.400000,0.900000,91,160,250,260,300,420,590,720,2100,2800,2800,2084,316,91,142.11387100096414,1.8685000013647368,2790.6843349992414,492.69385796545106
1787344494,40,,Aggregated,5.600000,1.000000,91,160,250,260,300,420,590,720,2100,2800,2800,2087,316,91,142.1257770522326,1.8685000013647368,2790.6843349992414,493.4944896981313
1787344495,40,,Aggregated,5.600000,1.000000,91,160,250,260,300,420,590,720,2100,2800,2800,2090,316,91,142.1024874196214,1.8685000013647368,2790.6843349992414,493.80526315789473
1787344496,40,,Aggregated,5.800000,1.100000,91,160,250,250,300,420,590,720,2100,2800,2800,2095,316,91,141.99336481623303,1.8685000013647368,2790.6843349992414,495.1188544152745
1787344497,40,,Aggregated,5.200000,0.900000,91,160,250,260,300,420,590,720,2100,2800,2800,2101,317,91,142.07133363018022,1.8685000013647368,2790.6843349992414,495.36078058067585
1787344498,40,,Aggregated,5.200000,0.900000,91,160,250,260,300,420,590,720,2100,2800,2800,2104,318,91,141.99387018679198,1.8685000013647368,2790.6843349992414,494.8032319391635
1787344499,40,,Aggregated,5.400000,0.900000,91,160,250,250,300,420,590,720,2100,2800,2800,2108,318,91,141.82185473909325,1.8685000013647368,2790.6843349992414,494.9136622390892
1787344500,40,,Aggregated,5.200000,0.900000,91,160,250,250,300,420,590,720,2100,2800,2800,2112,318,91,141.73620491903773,1.8685000013647368,2790.6843349992414,495.9588068181818
1787344501,40,,Aggregated,4.700000,0.700000,91,160,250,250,300,420,590,720,2100,2800,2800,2118,320,91,141.59953861567945,1.8685000013647368,2790.6843349992414,494.8465533522191
1787344502,40,,Aggregated,4.700000,0.700000,91,160,250,250,300,420,590,720,2100,2800,2800,2118,320,91,141.59953861567945,1.8685000013647368,2790.6843349992414,494.8465533522191
1787344503,40,,Aggregated,5.000000,0.700000,91,160,250,260,300,420,590,720,2100,2800,2800,2124,321,91,141.61811122740457,1.8685000013647368,2790.6843349992414,494.59651600753295
1787344504,40,,Aggregated,4.400000,0.600000,91,160,250,260,300,420,590,720,2100,2800,2800,2131,322,91,141.64700054669635,1.8685000013647368,2790.6843349992414,495.07038948850305
1787344505,40,,Aggregated,4.400000,0.600000,91,160,250,260,300,420,590,720,2100,2800,2800,2136,323,91,141.50135161049147,1.8685000013647368,2790.6843349992414,494.5842696629214
1787344506,40,,Aggregated,4.400000,0.600000,91,160,250,260,300,420,590,720,2100,2800,2800,2143,324,91,141.58029234624732,1.8685000013647368,2790.6843349992414,494.6075594960336
1787344507,40,,Aggregated,4.400000,0.600000,91,160,250,260,300,420,590,720,2100,2800,2800,2150,324,90,141.3294191860514,1.8685000013647368,2790.6843349992414,495.0274418604651
1787344508,40,,Aggregated,4.400000,0.600000,91,160,250,260,300,420,580,720,2100,2800,2800,2151,324,91,141.32307052952567,1.8685000013647368,2790.6843349992414,495.2887029288703
1787344509,40,,Aggregated,4.500000,0.700000,91,160,250,260,300,420,580,720,2100,2800,2800,2156,325,90,141.2226765621573,1.8685000013647368,2790.6843349992414,494.7847866419295
1787344510,40,,Aggregated,4.700000,0.600000,91,160,250,260,300,420,580,720,2100,2800,2800,2159,325,91,141.17153510560942,1.8685000013647368,2790.6843349992414,495.54979157017135
1787344511,40,,Aggregated,4.700000,0.700000,91,160,250,260,300,410,580,720,2100,2800,2800,2167,326,91,141.0778847692717,1.8685000013647368,2790.6843349992414,495.8214120904476
1787344512,40,,Aggregated,4.700000,0.700000,90,160,250,260,300,410,580,720,2100,2800,2800,2175,328,90,140.9659151554066,1.8685000013647368,2790.6843349992414,494.77241379310345
1787344513,40,,Aggregated,4.700000,0.600000,91,160,250,260,300,410,580,720,2100,2800,2800,2178,328,91,141.1527913627228,1.8685000013647368,2790.6843349992414,495.52157943067033
1787344514,40,,Aggregated,5.700000,0.800000,91,160,250,260,300,410,580,720,2100,2800,2800,2182,328,91,141.05128424015098,1.8685000013647368,2790.6843349992414,496.5398716773602
1787344515,40,,Aggregated,5.100000,0.700000,91,160,250,260,300,410,580,720,2100,2800,2800,2190,329,91,141.15417688630689,1.8685000013647368,2790.6843349992414,496.35479452054796
1787344516,40,,Aggregated,5.100000,0.700000,91,160,250,260,300,410,580,720,2100,2800,2800,2193,330,91,141.09010341906702,1.8685000013647368,2790.6843349992414,495.8185134518924
1787344517,40,,Aggregated,5.500000,0.700000,91,160,250,260,300,410,580,700,2100,2800,2800,2201,331,91,141.2090437151371,1.8685000013647368,2790.6843349992414,496.0872330758746
1787344518,40,,Aggregated,5.200000,0.600000,91,160,250,260,300,410,580,700,2100,2800,2800,2207,333,91,141.15481508066114,1.8685000013647368,2790.6843349992414,495.02038966923425
1787344519,40,,Aggregated,5.400000,0.600000,91,160,250,260,300,410,580,700,2100,2800,2800,2218,336,91,140.98143181110046,1.8685000013647368,2790.6843349992414,493.48512173128944
1787344520,40,,Aggregated,5.300000,0.800000,91,160,250,260,300,410,580,700,2100,2800,2800,2225,337,91,141.00959893573958,1.8685000013647368,2790.6843349992414,493.51955056179776
1787344521,40,,Aggregated,5.900000,1.000000,91,160,250,260,300,410,580,700,2100,2800,2800,2230,338,90,140.9892222385744,1.8685000013647368,2790.6843349992414,493.49147982062783
1787344522,40,,Aggregated,5.900000,1.000000,91,160,250,260,300,410,580,700,2100,2800,2800,2234,339,90,140.9998640559626,1.8685000013647368,2790.6843349992414,493.20859444941806
1787344523,40,,Aggregated,6.100000,1.100000,91,160,250,260,300,410,580,700,2100,2800,2800,2238,340,90,140.98893238428107,1.8685000013647368,2790.6843349992414,492.93521000893656
1787344524,40,,Aggregated,5.900000,1.100000,91,160,250,260,300,410,580,700,2100,2800,2800,2245,341,91,140.86857535724815,1.8685000013647368,2790.6843349992414,492.9456570155902
1787344525,40,,Aggregated,6.300000,1.200000,90,160,250,260,300,410,570,700,2100,2800,2800,2251,343,90,140.74265597291037,1.8685000013647368,2790.6843349992414,491.90937361172814
1787344526,40,,Aggregated,6.300000,1.200000,90,160,250,260,300,410,570,700,2100,2800,2800,2255,344,90,140.72042576364694,1.8685000013647368,2790.6843349992414,491.6452328159645
1787344527,40,,Aggregated,6.000000,1.300000,91,160,250,260,300,410,570,700,2100,2800,2800,2260,345,90,140.74858254691313,1.8685000013647368,2790.6843349992414,491.6199115044248
1787344528,40,,Aggregated,6.200000,1.400000,91,160,250,260,300,410,570,700,2100,2800,2800,2264,346,90,140.74543726723616,1.8685000013647368,2790.6843349992414,491.357332155477
1787344529,40,,Aggregated,6.000000,1.500000,91,160,250,260,300,410,570,700,2100,2800,2800,2270,347,90,140.71542473216874,1.8685000013647368,2790.6843349992414,491.13832599118945
1787344530,40,,Aggregated,6.000000,1.500000,90,160,250,260,300,410,570,700,2100,2800,2800,2273,347,90,140.57677314211355,1.8685000013647368,2790.6843349992414,491.00527936647603
1787344531,40,,Aggregated,5.200000,1.100000,90,160,250,260,300,410,570,700,2100,2800,2800,2277,347,90,140.50893360080093,1.8685000013647368,2790.6843349992414,491.96398770311816
1787344532,40,,Aggregated,5.400000,1.100000,90,160,250,260,300,410,570,700,2100,2800,2800,2281,347,90,140.41978297940457,1.8685000013647368,2790.6843349992414,492.9294169224025
1787344533,40,,Aggregated,5.000000,1.000000,90,160,250,260,300,410,570,700,2100,2800,2800,2284,347,90,140.32324792776734,1.8685000013647368,2790.6843349992414,493.23467600700525
1787344534,40,,Aggregated,5.000000,1.000000,90,160,250,260,300,410,570,700,2100,2800,2800,2292,349,90,140.38251305978122,1.8685000013647368,2790.6843349992414,492.69677137870855
1787344535,40,,Aggregated,4.500000,0.700000,90,160,250,260,300,410,570,700,2100,2800,2800,2298,350,90,140.31225441297693,1.8685000013647368,2790.6843349992414,492.9164490861619
1787344536,40,,Aggregated,5.100000,0.900000,90,160,250,260,300,410,570,700,2100,2800,2800,2303,351,90,140.40256582675732,1.8685000013647368,2790.6843349992414,492.89535388623534
1787344537,40,,Aggregated,4.500000,0.700000,91,160,250,260,300,410,570,700,2100,2800,2800,2308,352,91,140.50419526950688,1.8685000013647368,2790.6843349992414,492.88041594454074
1787344538,40,,Aggregated,4.400000,0.600000,91,160,250,260,300,410,570,700,2100,2800,2800,2319,353,91,140.20057496723655,1.8685000013647368,2790.6843349992414,493.0
1787344539,40,,Aggregated,4.400000,0.600000,91,160,250,260,300,410,570,700,2100,2800,2800,2320,353,90,140.14312996380252,1.8685000013647368,2790.6843349992414,492.81594827586207
1787344540,40,,Aggregated,5.400000,0.800000,91,160,250,260,300,400,570,700,2100,2800,2800,2325,354,91,140.04108756990288,1.8685000013647368,2790.6843349992414,492.7978494623656
1787344541,40,,Aggregated,5.400000,0.800000,91,160,250,260,300,400,570,700,2100,2800,2800,2332,355,90,140.04735665738812,1.8685000013647368,2790.6843349992414,492.40437392795883
1787344542,40,,Aggregated,4.900000,0.600000,90,160,250,260,300,400,570,700,2100,2800,2800,2335,355,90,139.9467783974423,1.8685000013647368,2790.6843349992414,492.6796573875803
1787344543,40,,Aggregated,4.900000,0.600000,90,160,250,260,300,400,570,700,2100,2800,2800,2336,355,90,139.92153277312835,1.8685000013647368,2790.6843349992414,492.92080479452056
1787344544,40,,Aggregated,5.400000,0.800000,90,160,250,260,300,400,570,700,2100,2800,2800,2345,357,90,139.92187953775235,1.8685000013647368,2790.6843349992414,492.21961620469085
1787344545,40,,Aggregated,5.300000,0.800000,90,160,250,260,300,400,570,700,2100,2800,2800,2350,358,90,139.87872436894747,1.8685000013647368,2790.6843349992414,492.20255319148936
1787344546,40,,Aggregated,4.500000,0.600000,90,160,250,260,300,400,570,700,2100,2800,2800,2352,358,90,139.85280285205167,1.8685000013647368,2790.6843349992414,492.2448979591837
1787344547,40,,Aggregated,5.600000,0.900000,90,160,250,260,300,400,570,700,2100,2800,2800,2355,358,90,139.8293950530891,1.8685000013647368,2790.6843349992414,492.94394904458596
1787344548,40,,Aggregated,5.200000,0.800000,90,160,250,260,300,400,570,700,2100,2800,2800,2361,359,90,139.6748544303375,1.8685000013647368,2790.6843349992414,492.7399407030919
1787344549,40,,Aggregated,4.500000,0.600000,90,160,250,260,300,400,570,700,2100,2800,2800,2367,360,90,139.59681320279947,1.8685000013647368,2790.6843349992414,492.53907900295735
1787344550,40,,Aggregated,4.500000,0.600000,90,160,250,260,300,400,570,700,2100,2800,2800,2371,361,90,139.5978780126634,1.8685000013647368,2790.6843349992414,492.2830029523408
1787344551,40,,Aggregated,4.200000,0.600000,90,160,250,260,300,400,570,700,2100,2800,2800,2378,362,90,139.42688185871418,1.8685000013647368,2790.6843349992414,492.72834314550045
1787344552,40,,Aggregated,4.500000,0.700000,90,160,250,260,300,400,570,700,2100,2800,2800,2384,363,90,139.29856614304632,1.8685000013647368,2790.6843349992414,492.932466442953
1787344553,40,,Aggregated,4.300000,0.700000,90,160,250,260,300,400,570,700,2100,2800,2800,2389,364,90,139.33688079867122,1.8685000013647368,2790.6843349992414,492.91251569694435
1787344554,40,,Aggregated,4.600000,0.700000,90,160,250,260,300,400,570,700,2100,2800,2800,2396,365,90,139.14800002546866,1.8685000013647368,2790.6843349992414,492.9211185308848
1787344555,40,,Aggregated,4.800000,0.800000,90,160,250,260,300,400,570,700,2100,2800,2800,2399,365,90,139.10236743519067,1.8685000013647368,2790.6843349992414,493.6165068778658
1787344556,40,,Aggregated,5.300000,0.900000,90,160,250,260,300,400,570,680,2100,2800,2800,2403,365,90,139.1374202463677,1.8685000013647368,2790.6843349992414,494.1381606325427
1787344557,40,,Aggregated,4.800000,0.700000,90,160,250,260,300,400,570,680,2100,2800,2800,2405,365,90,139.04847220084,1.8685000013647368,2790.6843349992414,493.7808731808732
1787344558,40,,Aggregated,4.800000,0.700000,90,160,250,260,300,400,570,680,2100,2800,2800,2413,367,90,138.98997332823058,1.8685000013647368,2790.6843349992414,492.86365520099463
1787344559,40,,Aggregated,5.100000,0.700000,90,160,250,260,300,400,570,680,2100,2800,2800,2416,367,90,138.90428863783958,1.8685000013647368,2790.6843349992414,493.14279801324506
1787344560,40,,Aggregated,4.700000,0.600000,90,160,250,260,300,400,570,680,2100,2800,2800,2419,367,90,138.83698360852375,1.8685000013647368,2790.6843349992414,493.82596114096737
1787344561,40,,Aggregated,5.300000,0.800000,90,160,250,260,300,400,570,680,2100,2800,2800,2425,368,90,138.86766268660577,1.8685000013647368,2790.6843349992414,493.2218556701031
1787344562,40,,Aggregated,4.900000,0.700000,90,160,250,260,300,400,570,680,2100,2800,2800,2430,368,90,138.70412197161258,1.8685000013647368,2790.6843349992414,493.1440329218107
1787344563,40,,Aggregated,4.900000,0.700000,89,160,250,250,300,400,570,680,2100,2800,2800,2434,368,89,138.56109535744352,1.8685000013647368,2790.6843349992414,493.66023007395233
1787344564,40,,Aggregated,4.900000,0.600000,89,160,250,250,300,400,570,680,2100,2800,2800,2437,368,89,138.4687893824456,1.8685000013647368,2790.6843349992414,493.93393516618795
1787344565,40,,Aggregated,4.900000,0.600000,89,160,250,250,300,400,570,680,2100,2800,2800,2442,368,89,138.3042771703593,1.8685000013647368,2790.6843349992414,494.63923013923016
1787344566,40,,Aggregated,4.500000,0.400000,89,160,250,250,300,400,570,680,2100,2800,2800,2449,370,89,138.17911631360394,1.8685000013647368,2790.6843349992414,493.9089424254798
1787344567,40,,Aggregated,4.500000,0.300000,89,160,250,250,300,400,570,680,2100,2800,2800,2456,372,89,138.18104532207516,1.8685000013647368,2790.6843349992414,493.1840390879479
1787344568,40,,Aggregated,4.700000,0.400000,89,160,250,250,300,400,570,680,2100,2800,2800,2467,374,89,138.6525641552562,1.8685000013647368,2790.6843349992414,492.942034860154
1787344569,40,,Aggregated,4.900000,0.600000,89,160,250,250,300,400,570,680,2100,2800,2800,2468,374,89,138.65752146678153,1.8685000013647368,2790.6843349992414,493.16531604538085
1787344570,40,,Aggregated,5.900000,0.900000,89,160,250,250,300,400,570,680,2100,2800,2800,2477,375,89,138.63347718167878,1.8685000013647368,2790.6843349992414,493.6495761001211
1787344571,40,,Aggregated,5.900000,0.900000,89,160,250,250,300,400,570,680,2100,2800,2800,2481,376,89,138.60597768803785,1.8685000013647368,2790.6843349992414,493.00523982265213
1787344572,40,,Aggregated,5.700000,0.800000,89,160,250,250,300,400,570,680,2100,2800,2800,2492,378,89,138.61826132745597,1.8685000013647368,2790.6843349992414,493.18338683788124
1787344573,40,,Aggregated,6.100000,0.900000,89,160,250,250,300,400,570,680,2100,2800,2800,2495,378,89,138.5334651887853,1.8685000013647368,2790.6843349992414,493.4585170340681
1787344574,40,,Aggregated,5.700000,0.800000,89,160,250,250,300,400,570,680,2100,2800,2800,2501,379,89,138.4284932778979,1.8685000013647368,2790.6843349992414,493.25509796081565
1787344575,40,,Aggregated,5.800000,1.000000,89,160,250,250,300,400,570,680,2100,2800,2800,2504,379,89,138.52464419489726,1.8685000013647368,2790.6843349992414,493.9173322683706
1787344576,40,,Aggregated,6.300000,1.000000,90,160,250,250,300,400,570,700,2100,2800,2800,2506,379,89,139.05671500998477,1.8685000013647368,2790.6843349992414,494.35235434956104
1787344577,40,,Aggregated,5.900000,1.100000,89,160,250,250,300,400,570,700,2100,2800,2800,2513,380,89,138.91883768643902,1.8685000013647368,2790.6843349992414,494.38320732192597
1787344578,40,,Aggregated,5.800000,1.000000,89,160,250,250,300,400,570,700,2100,2800,2800,2514,380,89,138.86622589380335,1.8685000013647368,2790.6843349992414,494.19848846459826
1787344579,40,,Aggregated,5.600000,0.800000,89,160,250,250,300,400,570,700,2100,2800,2800,2519,381,89,138.75620273403106,1.8685000013647368,2790.6843349992414,493.77054386661376
1787344580,40,,Aggregated,4.800000,0.600000,89,160,250,250,300,400,570,700,2100,2800,2800,2521,381,89,138.70144936653105,1.8685000013647368,2790.6843349992414,493.8056326854423
1787344581,40,,Aggregated,4.800000,0.600000,89,160,250,250,300,400,570,700,2100,2800,2800,2527,382,89,138.54615025208778,1.8685000013647368,2790.6843349992414,493.61614562722593
1787344582,40,,Aggregated,4.600000,0.600000,89,160,250,250,300,400,570,700,2100,2800,2800,2533,383,89,138.40764078327115,1.8685000013647368,2790.6843349992414,493.4224240031583
1787344583,40,,Aggregated,4.000000,0.500000,89,160,250,250,300,400,570,700,2100,2800,2800,2537,383,89,138.33543043792955,1.8685000013647368,2790.6843349992414,493.91170674024437
1787344584,40,,Aggregated,4.400000,0.600000,89,160,250,250,300,400,570,700,2100,2800,2800,2546,384,89,138.29408726984633,1.8685000013647368,2790.6843349992414,493.97407698350355
1787344585,40,,Aggregated,4.400000,0.600000,89,160,250,250,300,400,570,700,2100,2800,2800,2548,384,89,138.2559264380015,1.8685000013647368,2790.6843349992414,494.4160125588697
1787344586,40,,Aggregated,4.000000,0.500000,89,160,250,250,300,400,570,700,2100,2800,2800,2551,384,89,138.24015365740038,1.8685000013647368,2790.6843349992414,494.68796550372406
1787344587,40,,Aggregated,4.700000,0.500000,89,160,250,250,300,400,570,700,2100,2800,2800,2554,384,89,138.163889332822,1.8685000013647368,2790.6843349992414,494.94909945184025
1787344588,40,,Aggregated,4.400000,0.500000,89,160,240,250,300,400,570,700,2100,2800,2800,2558,384,89,138.06336943824488,1.8685000013647368,2790.6843349992414,495.81782642689603
1787344589,40,,Aggregated,4.400000,0.500000,89,150,240,250,300,390,570,700,2100,2800,2800,2563,385,89,137.99871895826416,1.8685000013647368,2790.6843349992414,495.7943815840812
1787344590,40,,Aggregated,4.200000,0.400000,89,150,240,250,300,390,570,700,2100,2800,2800,2566,385,89,137.90999026618536,1.8685000013647368,2790.6843349992414,496.04910366328915
1787344591,40,,Aggregated,4.400000,0.400000,89,150,240,250,300,390,570,700,2100,2800,2800,2573,386,89,137.94216975244177,1.8685000013647368,2790.6843349992414,496.46832491255344
1787344592,40,,Aggregated,4.400000,0.400000,89,150,240,250,300,390,570,700,2100,2800,2800,2576,386,89,137.85952755552486,1.8685000013647368,2790.6843349992414,496.7255434782609
1787344593,40,,Aggregated,4.500000,0.400000,89,150,240,250,300,390,570,700,2100,2800,2800,2581,386,89,137.7266754583618,1.8685000013647368,2790.6843349992414,497.4165052305308
1787344594,40,,Aggregated,4.400000,0.400000,89,150,240,250,300,390,570,700,2100,2800,2800,2586,387,89,137.61816587046798,1.8685000013647368,2790.6843349992414,497.38785769528226
1787344595,40,,Aggregated,4.200000,0.300000,89,150,240,250,300,390,570,700,2100,2800,2800,2590,388,89,137.54530794055245,1.8685000013647368,2790.6843349992414,497.14555984555983
1787344596,40,,Aggregated,4.500000,0.300000,89,150,240,250,300,390,570,700,2100,2800,2800,2595,388,89,137.48256091215063,1.8685000013647368,2790.6843349992414,498.2
1787344597,40,,Aggregated,4.100000,0.400000,89,150,240,250,300,390,570,680,2100,2800,2800,2601,388,89,137.33675853249943,1.8685000013647368,2790.6843349992414,498.69973087274127
1787344598,40,,Aggregated,4.100000,0.400000,89,150,240,250,300,390,570,680,2100,2800,2800,2601,388,89,137.33675853249943,1.8685000013647368,2790.6843349992414,498.69973087274127
1787344599,40,,Aggregated,4.400000,0.400000,89,150,240,250,300,390,570,680,2100,2800,2800,2608,388,89,137.31266477608548,1.8685000013647368,2790.6843349992414,499.80253067484665
1787344600,40,,Aggregated,4.600000,0.400000,89,150,240,250,300,390,570,680,2100,2800,2800,2611,388,89,137.27498446764895,1.8685000013647368,2790.6843349992414,500.43393335886634
1787344601,40,,Aggregated,4.500000,0.400000,89,150,240,250,300,390,570,680,2100,2800,2800,2616,389,89,137.1367266769994,1.8685000013647368,2790.6843349992414,500.019877675841
1787344602,40,,Aggregated,4.600000,0.300000,89,150,240,250,300,390,570,680,2100,2800,2800,2620,389,89,137.13858399695854,1.8685000013647368,2790.6843349992414,500.85725190839696
1787344603,40,,Aggregated,4.500000,0.300000,89,150,240,250,290,390,570,680,2100,2800,2800,2625,390,89,137.0982397261077,1.8685000013647368,2790.6843349992414,500.81790476190474
1787344604,40,,Aggregated,4.300000,0.300000,89,150,240,250,290,390,570,680,2100,2800,2800,2629,391,89,137.03930811374525,1.8685000013647368,2790.6843349992414,500.1977938379612
1787344605,40,,Aggregated,4.300000,0.300000,89,150,240,250,300,390,570,680,2100,2800,2800,2642,394,89,137.24645405603022,1.8685000013647368,2790.6843349992414,499.6737320211961
1787344606,40,,Aggregated,4.200000,0.400000,89,150,240,250,300,390,570,680,2100,2800,2800,2644,394,89,137.20619402043533,1.8685000013647368,2790.6843349992414,500.07753403933435
1787344607,40,,Aggregated,4.600000,0.500000,89,150,240,250,290,390,570,680,2100,2800,2800,2653,395,89,137.0753499449794,1.8685000013647368,2790.6843349992414,500.48284960422166
1787344608,40,,Aggregated,4.600000,0.500000,89,150,240,250,290,390,570,680,2100,2800,2800,2654,395,89,137.05132832028264,1.8685000013647368,2790.6843349992414,500.6932931424265
1787344609,40,,Aggregated,4.900000,0.600000,89,150,240,250,290,390,570,680,2100,2800,2800,2659,396,89,136.93188547838602,1.8685000013647368,2790.6843349992414,500.27980443775857
1787344610,40,,Aggregated,5.300000,0.700000,89,150,240,250,290,390,570,680,2100,2800,2800,2661,396,89,136.91046603195338,1.8685000013647368,2790.6843349992414,500.6858323938369
1787344611,40,,Aggregated,5.000000,0.700000,89,150,240,250,300,390,570,680,2100,2800,2800,2670,399,89,136.9610781164902,1.8685000013647368,2790.6843349992414,500.03258426966295
1787344612,40,,Aggregated,5.000000,0.800000,89,150,240,250,290,390,570,680,2100,2800,2800,2672,399,89,136.94085617366247,1.8685000013647368,2790.6843349992414,500.438248502994
1787344613,40,,Aggregated,5.000000,0.800000,89,150,240,250,290,390,570,680,2100,2800,2800,2682,402,89,136.7748021636947,1.8685000013647368,2790.6843349992414,498.93624161073825
1787344614,40,,Aggregated,5.400000,1.000000,89,150,240,250,290,390,570,680,2100,2800,2800,2691,404,89,136.6844554173273,1.8685000013647368,2790.6843349992414,498.2961724266072
1787344615,40,,Aggregated,5.200000,1.000000,89,150,240,250,290,390,570,680,2100,2800,2800,2693,404,89,136.64909525697317,1.8685000013647368,2790.6843349992414,498.7036761975492
1787344616,40,,Aggregated,5.700000,1.200000,89,150,240,250,290,390,570,680,2100,2800,2800,2702,405,89,136.5888235359106,1.8685000013647368,2790.6843349992414,498.7427831236121
1787344617,40,,Aggregated,5.600000,1.100000,89,150,240,250,290,390,570,680,2100,2800,2800,2708,405,89,136.43811876404322,1.8685000013647368,2790.6843349992414,499.225258493353
1787344618,40,,Aggregated,5.100000,1.000000,89,150,240,250,290,390,570,680,2100,2800,2800,2711,406,89,136.38138308005568,1.8685000013647368,2790.6843349992414,498.7871634083364
1787344619,40,,Aggregated,5.700000,1.100000,89,150,240,250,290,390,570,680,2100,2800,2800,2715,406,89,136.3505491517619,1.8685000013647368,2790.6843349992414,499.58968692449355
1787344620,40,,Aggregated,5.400000,1.000000,89,150,240,250,290,390,570,680,2100,2800,2800,2722,407,89,136.23462337326674,1.8685000013647368,2790.6843349992414,499.9540778839089
1787344621,40,,Aggregated,5.700000,1.100000,89,150,240,250,290,390,570,680,2100,2800,2800,2725,407,89,136.27368187707594,1.8685000013647368,2790.6843349992414,500.5548623853211
1787344622,40,,Aggregated,5.800000,1.000000,89,150,240,250,290,390,570,680,2100,2800,2800,2727,407,89,136.19884617932942,1.8685000013647368,2790.6843349992414,500.5940594059406
1787344623,40,,Aggregated,6.100000,1.100000,89,150,240,250,290,390,570,680,2100,2800,2800,2731,408,89,136.20060146980302,1.8685000013647368,2790.6843349992414,500.3621384108385
1787344624,40,,Aggregated,5.500000,0.800000,89,150,240,250,290,390,570,680,2100,2800,2800,2739,410,89,136.1658775356099,1.8685000013647368,2790.6843349992414,499.8941219423147
1787344625,40,,Aggregated,5.500000,0.800000,89,150,240,250,290,390,570,680,2100,2800,2800,2741,410,89,136.11954193543824,1.8685000013647368,2790.6843349992414,500.2911346224006
1787344626,40,,Aggregated,4.900000,0.600000,89,150,240,250,290,390,570,680,2100,2800,2800,2747,411,89,136.07664378887293,1.8685000013647368,2790.6843349992414,500.44776119402985
1787344628,40,,Aggregated,4.800000,0.600000,89,150,240,250,290,390,560,680,2100,2800,2800,2758,413,89,136.1217066979811,1.8685000013647368,2790.6843349992414,500.2258883248731
1787344629,40,,Aggregated,4.800000,0.600000,89,150,240,250,290,390,560,680,2100,2800,2800,2764,414,89,136.02119917946152,1.8685000013647368,2790.6843349992414,500.3806078147612
1787344630,40,,Aggregated,4.500000,0.600000,89,150,240,250,290,390,560,680,2100,2800,2800,2770,415,89,135.91714002347624,1.8685000013647368,2790.6843349992414,500.54548736462095
1787344631,40,,Aggregated,5.000000,0.800000,89,150,240,250,290,390,560,680,2100,2800,2800,2772,415,89,135.84728802526294,1.8685000013647368,2790.6843349992414,500.5869408369408
1787344632,40,,Aggregated,5.000000,0.800000,89,150,240,250,290,390,560,680,2100,2800,2800,2772,415,89,135.84728802526294,1.8685000013647368,2790.6843349992414,500.5869408369408
1787344633,40,,Aggregated,5.300000,0.900000,89,150,240,250,290,390,560,680,2100,2800,2800,2776,415,89,135.76688442220188,1.8685000013647368,2790.6843349992414,501.02017291066284
1787344634,40,,Aggregated,5.000000,0.800000,89,150,240,250,290,380,560,680,2100,2800,2800,2781,416,89,135.7481306904111,1.8685000013647368,2790.6843349992414,500.97914419273644
1787344635,40,,Aggregated,4.900000,0.800000,89,150,240,250,290,380,560,680,2100,2800,2800,2790,418,89,135.59572808890258,1.8685000013647368,2790.6843349992414,500.35878136200716
1787344636,40,,Aggregated,4.900000,0.800000,89,150,240,250,290,380,560,680,2100,2800,2800,2792,418,89,135.5594891629792,1.8685000013647368,2790.6843349992414,500.74892550143267
1787344637,40,,Aggregated,5.000000,0.800000,89,150,240,250,290,380,560,680,2100,2800,2800,2794,418,89,135.50296490767286,1.8685000013647368,2790.6843349992414,500.78632784538297
1787344638,40,,Aggregated,5.100000,0.800000,89,150,240,250,290,380,560,680,2100,2800,2800,2804,419,89,135.28252062340897,1.8685000013647368,2790.6843349992414,500.64051355206846
1787344639,40,,Aggregated,5.100000,0.800000,89,150,240,250,290,380,560,680,2100,2800,2800,2806,419,89,135.2480373585314,1.8685000013647368,2790.6843349992414,501.0253029223093
1787344640,40,,Aggregated,5.100000,0.800000,89,150,240,250,290,380,560,680,2100,2800,2800,2806,419,89,135.2480373585314,1.8685000013647368,2790.6843349992414,501.0253029223093
1787344641,40,,Aggregated,4.500000,0.600000,89,150,240,250,290,380,560,680,2100,2800,2800,2812,420,89,135.1649309790324,1.8685000013647368,2790.6843349992414,501.1866998577525
1787344642,40,,Aggregated,3.600000,0.400000,89,150,240,250,290,380,560,680,2100,2800,2800,2822,422,89,135.2304924245358,1.8685000013647368,2790.6843349992414,501.1215450035436
1787344643,40,,Aggregated,3.600000,0.400000,89,150,240,250,290,380,560,680,2100,2800,2800,2826,422,89,135.2438398938559,1.8685000013647368,2790.6843349992414,501.8899504600142
1787344644,40,,Aggregated,4.000000,0.500000,89,150,240,250,290,380,560,680,2100,2800,2800,2836,424,89,135.25841766468017,1.8685000013647368,2790.6843349992414,501.1131875881523
1787344645,40,,Aggregated,4.500000,0.600000,89,150,240,250,290,380,560,680,2100,2800,2800,2839,424,89,135.1978640500291,1.8685000013647368,2790.6843349992414,501.3409651285664
1787344646,40,,Aggregated,5.000000,0.700000,89,150,240,250,290,380,560,680,2100,2800,2800,2840,424,89,135.17990858170222,1.8685000013647368,2790.6843349992414,501.5341549295775
1787344647,40,,Aggregated,5.500000,0.800000,89,150,240,250,290,380,560,680,2100,2800,2800,2845,424,89,135.10010862531934,1.8685000013647368,2790.6843349992414,502.501230228471
1787344648,40,,Aggregated,5.200000,0.700000,89,150,240,250,290,380,560,680,2100,2800,2800,2851,425,89,135.01599193161374,1.8685000013647368,2790.6843349992414,502.3086636267976
1787344649,40,,Aggregated,4.800000,0.600000,89,150,240,250,290,380,560,680,2100,2800,2800,2854,425,89,134.95404734478944,1.8685000013647368,2790.6843349992414,502.53398738612475
1787344650,40,,Aggregated,5.100000,0.600000,89,150,240,250,290,380,560,680,2100,2800,2800,2863,427,89,134.86484727524518,1.8685000013647368,2790.6843349992414,502.2640586797066
1787344651,40,,Aggregated,4.800000,0.600000,89,150,240,250,290,380,560,680,2100,2800,2800,2864,427,89,134.8539954605539,1.8685000013647368,2790.6843349992414,502.455656424581
1787344652,40,,Aggregated,4.800000,0.600000,89,150,240,250,290,380,560,680,2100,2800,2800,2869,427,89,134.73667850262348,1.8685000013647368,2790.6843349992414,503.05925409550366
1787344653,40,,Aggregated,5.700000,0.800000,89,150,240,250,290,380,560,680,2100,2800,2800,2870,427,89,134.74161148328477,1.8685000013647368,2790.6843349992414,503.2519163763066
1787344654,40,,Aggregated,5.200000,0.600000,89,150,240,250,290,380,560,680,2100,2800,2800,2874,427,89,134.69307122756683,1.8685000013647368,2790.6843349992414,503.67084203201114
1787344655,40,,Aggregated,4.400000,0.500000,89,150,240,250,290,380,560,680,2100,2800,2800,2881,428,89,134.62972923117738,1.8685000013647368,2790.6843349992414,504.01110725442555
1787344656,40,,Aggregated,4.400000,0.500000,89,150,240,250,290,380,560,680,2100,2800,2800,2885,429,89,134.90358170122065,1.8685000013647368,2790.6843349992414,503.4433275563258
1787344657,40,,Aggregated,3.700000,0.300000,89,150,240,250,290,390,570,700,2100,2800,2800,2896,431,89,136.0720900096767,1.8685000013647368,2790.6843349992414,502.8763812154696
1787344658,40,,Aggregated,4.500000,0.500000,89,150,240,250,290,380,570,690,2100,2800,2800,2904,433,89,136.07375276963654,1.8685000013647368,2790.6843349992414,502.08677685950414
1787344659,40,,Aggregated,5.100000,0.700000,89,150,240,250,290,380,570,690,2100,2800,2800,2908,433,89,135.9663589236681,1.8685000013647368,2790.6843349992414,502.15990371389273
1787344660,40,,Aggregated,5.100000,0.700000,89,150,240,250,290,380,570,690,2100,2800,2800,2912,434,89,135.8698531507649,1.8685000013647368,2790.6843349992414,501.58756868131866
1787344661,40,,Aggregated,5.300000,0.800000,89,150,240,250,290,380,570,690,2100,2800,2800,2922,435,89,135.69675196818193,1.8685000013647368,2790.6843349992414,501.7956878850103
1787344662,40,,Aggregated,5.300000,0.800000,89,150,240,250,290,380,570,690,2100,2800,2800,2923,435,89,135.68284795895588,1.8685000013647368,2790.6843349992414,501.9863154293534
1787344663,40,,Aggregated,4.900000,0.700000,89,150,240,250,290,380,570,690,2100,2800,2800,2928,436,89,135.63622901025636,1.8685000013647368,2790.6843349992414,501.9467213114754
1787344664,40,,Aggregated,5.400000,0.800000,89,150,240,250,290,380,570,690,2100,2800,2800,2932,436,89,135.56131809926023,1.8685000013647368,2790.6843349992414,502.35607094133695
1787344665,40,,Aggregated,5.400000,0.800000,89,150,240,250,290,380,570,690,2100,2800,2800,2938,437,89,135.5204471579403,1.8685000013647368,2790.6843349992414,502.51157249829816
1787344666,40,,Aggregated,5.800000,0.900000,89,150,240,250,290,380,570,690,2100,2800,2800,2943,438,89,135.48122738940745,1.8685000013647368,2790.6843349992414,502.4791029561672
1787344667,40,,Aggregated,5.800000,0.900000,89,150,240,250,290,380,570,690,2100,2800,2800,2946,438,89,135.4156673024528,1.8685000013647368,2790.6843349992414,503.0312287847929
1787344668,40,,Aggregated,5.800000,0.900000,89,150,240,250,290,380,570,690,2100,2800,2800,2949,438,89,135.36348205562138,1.8685000013647368,2790.6843349992414,502.91827738216347
1787344669,40,,Aggregated,5.000000,0.700000,89,140,240,250,290,380,560,690,2100,2800,2800,2951,438,89,135.32261721959597,1.8685000013647368,2790.6843349992414,502.9617078956286
1787344670,40,,Aggregated,4.800000,0.600000,89,140,240,250,290,380,560,690,2100,2800,2800,2956,439,89,135.3227236265322,1.8685000013647368,2790.6843349992414,502.92523680649526
1787344671,40,,Aggregated,4.200000,0.500000,89,150,240,250,290,380,560,690,2100,2800,2800,2965,441,89,135.42839475785198,1.8685000013647368,2790.6843349992414,502.33591905564924
1787344672,40,,Aggregated,4.200000,0.500000,89,150,240,250,290,380,560,690,2100,2800,2800,2967,441,89,135.3701445477016,1.8685000013647368,2790.6843349992414,502.36771149309067
1787344673,40,,Aggregated,4.000000,0.400000,89,150,240,250,290,380,560,690,2100,2800,2800,2973,443,89,135.2587642391635,1.8685000013647368,2790.6843349992414,502.1772620248907
1787344674,40,,Aggregated,3.900000,0.500000,89,140,240,250,290,380,560,690,2100,2800,2800,2974,443,89,135.24611105952727,1.8685000013647368,2790.6843349992414,502.35843981170143
1787344675,40,,Aggregated,4.500000,0.700000,89,140,240,250,290,380,560,690,2100,2800,2800,2980,443,89,135.11608682887072,1.8685000013647368,2790.6843349992414,502.7815436241611
1787344676,40,,Aggregated,4.300000,0.700000,89,140,240,250,290,380,560,690,2100,2800,2800,2984,443,89,135.03996418432757,1.8685000013647368,2790.6843349992414,503.1769436997319
1787344677,40,,Aggregated,4.000000,0.600000,89,140,240,250,290,380,560,690,2100,2800,2800,2987,444,89,135.00863420690825,1.8685000013647368,2790.6843349992414,502.7763642450619
1787344678,40,,Aggregated,4.000000,0.600000,89,140,240,250,290,380,560,690,2100,2800,2800,2992,445,89,135.03078719653573,1.8685000013647368,2790.6843349992414,502.7389705882353
1787344679,40,,Aggregated,3.800000,0.500000,89,140,240,250,290,380,560,690,2100,2800,2800,2999,445,89,134.9070579770047,1.8685000013647368,2790.6843349992414,503.32344114704904
1787344680,40,,Aggregated,4.400000,0.700000,89,140,240,250,290,380,560,680,1200,2800,2800,3002,445,89,134.85600240041245,1.8685000013647368,2790.6843349992414,503.54330446369084
1787344681,40,,Aggregated,4.400000,0.700000,89,140,240,250,290,380,560,680,1200,2800,2800,3005,445,89,134.84577405658513,1.8685000013647368,2790.6843349992414,504.0865224625624
1787344682,40,,Aggregated,4.800000,0.700000,89,140,240,250,290,380,560,680,1200,2800,2800,3012,446,89,134.97518618560468,1.8685000013647368,2790.6843349992414,504.40770252324035
1787344683,40,,Aggregated,4.500000,0.500000,89,140,240,250,290,380,560,680,1200,2800,2800,3017,446,89,134.89248769474284,1.8685000013647368,2790.6843349992414,505.2976466688764
1787344684,40,,Aggregated,4.500000,0.500000,89,140,240,250,290,380,560,680,1200,2800,2800,3019,446,89,134.83284488507414,1.8685000013647368,2790.6843349992414,505.33421662802255
1787344685,40,,Aggregated,4.200000,0.300000,89,140,240,250,290,380,560,680,1200,2800,2800,3024,446,89,134.67637614353075,1.8685000013647368,2790.6843349992414,505.24933862433863
1787344686,40,,Aggregated,4.200000,0.300000,89,140,240,250,290,380,560,680,1200,2800,2800,3026,446,89,134.64672317714357,1.8685000013647368,2790.6843349992414,505.60674157303373
1787344687,40,,Aggregated,4.300000,0.300000,89,140,240,250,290,380,560,680,1200,2800,2800,3037,448,89,134.64645509550132,1.8685000013647368,2790.6843349992414,505.37635824827134
1787344688,40,,Aggregated,4.300000,0.300000,89,140,240,250,290,380,560,680,1200,2800,2800,3044,449,89,134.80451078680542,1.8685000013647368,2790.6843349992414,505.37023653088045
1787344689,40,,Aggregated,5.100000,0.500000,89,140,240,250,290,380,560,680,1200,2800,2800,3048,450,89,134.79798918734778,1.8685000013647368,2790.6843349992414,505.15879265091866
1787344690,40,,Aggregated,5.100000,0.400000,89,140,240,250,290,380,560,680,1200,2800,2800,3050,450,89,134.72103897574962,1.8685000013647368,2790.6843349992414,504.8704918032787
1787344691,40,,Aggregated,4.700000,0.400000,89,140,240,250,290,380,560,680,1200,2800,2800,3055,450,89,134.64910582390675,1.8685000013647368,2790.6843349992414,505.4297872340426
1787344692,40,,Aggregated,4.800000,0.500000,89,140,240,250,290,380,560,680,1200,2800,2800,3058,450,89,134.5866918466434,1.8685000013647368,2790.6843349992414,505.65042511445387
1787344693,40,,Aggregated,4.900000,0.500000,89,140,240,250,290,370,560,680,1200,2800,2800,3065,451,89,134.47104382872396,1.8685000013647368,2790.6843349992414,505.96867862969003
1787344694,40,,Aggregated,5.100000,0.500000,89,140,240,250,290,370,560,680,1200,2800,2800,3070,451,89,134.36029261760189,1.8685000013647368,2790.6843349992414,506.2
1787344695,40,,Aggregated,4.600000,0.500000,89,140,240,250,290,370,560,680,1200,2800,2800,3078,453,89,134.3165395558911,1.8685000013647368,2790.6843349992414,505.76575698505525
1787344696,40,,Aggregated,5.000000,0.500000,89,140,240,250,290,370,560,680,1200,2800,2800,3081,453,89,134.24461310030296,1.8685000013647368,2790.6843349992414,505.97435897435895
1787344697,40,,Aggregated,5.600000,0.700000,89,140,240,250,290,370,560,680,1200,2800,2800,3090,455,89,134.18165354855415,1.8685000013647368,2790.6843349992414,505.7145631067961
1787344698,40,,Aggregated,5.300000,0.700000,89,140,240,250,290,370,560,680,1200,2800,2800,3095,456,89,134.20163256802311,1.8685000013647368,2790.6843349992414,505.67819063004845
1787344699,40,,Aggregated,5.200000,0.600000,89,140,240,250,290,370,560,680,1200,2800,2800,3098,456,89,134.1386813421667,1.8685000013647368,2790.6843349992414,505.8744351194319
1787344700,40,,Aggregated,5.100000,0.700000,89,140,240,250,290,370,540,680,1200,2800,2800,3104,457,89,134.09290388950856,1.8685000013647368,2790.6843349992414,505.68717783505156
1787344701,40,,Aggregated,5.200000,0.700000,89,140,240,250,290,370,540,680,1200,2800,2800,3108,458,89,134.0701029224696,1.8685000013647368,2790.6843349992414,505.1605534105534
1787344702,40,,Aggregated,5.400000,0.700000,89,140,240,250,290,370,540,680,1200,2800,2800,3112,459,89,134.05807807456122,1.8685000013647368,2790.6843349992414,504.94890745501283
1787344703,40,,Aggregated,5.000000,0.700000,89,140,240,250,290,370,540,680,1200,2800,2800,3118,459,89,133.93076018570625,1.8685000013647368,2790.6843349992414,505.0439384220654
1787344704,40,,Aggregated,5.200000,0.800000,89,140,240,250,290,370,540,680,1200,2800,2800,3120,459,89,133.92379934840775,1.8685000013647368,2790.6843349992414,505.39198717948716
1787344705,40,,Aggregated,5.500000,0.800000,89,140,240,250,290,370,540,680,1200,2800,2800,3123,459,89,133.87102440506968,1.8685000013647368,2790.6843349992414,505.9170669228306
1787344706,40,,Aggregated,4.900000,0.800000,89,140,240,250,290,370,540,680,1200,2800,2800,3126,460,89,133.772203617732,1.8685000013647368,2790.6843349992414,505.80006397952656
1787344707,40,,Aggregated,4.400000,0.600000,89,140,240,250,290,370,540,680,1200,2800,2800,3130,461,89,133.79578106007475,1.8685000013647368,2790.6843349992414,505.58690095846646
1787344708,40,,Aggregated,4.500000,0.600000,89,140,240,250,290,380,540,680,1200,2800,2800,3139,462,89,134.1590266444838,1.8685000013647368,2790.6843349992414,505.91302962726985
1787344709,40,,Aggregated,4.000000,0.600000,89,140,240,250,290,380,540,680,1200,2800,2800,3141,462,89,134.08182956989307,1.8685000013647368,2790.6843349992414,505.63196434256605
1787344710,40,,Aggregated,4.300000,0.600000,89,140,240,250,290,380,540,680,1200,2800,2800,3149,464,89,133.97386621785847,1.8685000013647368,2790.6843349992414,504.89615751032073
1787344711,40,,Aggregated,4.300000,0.600000,89,140,240,250,290,380,540,680,1200,2800,2800,3151,464,89,133.94014572486094,1.8685000013647368,2790.6843349992414,505.24055855284035
1787344712,40,,Aggregated,4.200000,0.600000,89,140,240,250,290,380,540,680,1200,2800,2800,3157,465,89,134.1960032116049,1.8685000013647368,2790.6843349992414,505.3807412100095
1787344713,40,,Aggregated,4.600000,0.700000,89,140,240,250,290,380,540,680,1200,2800,2800,3164,466,89,134.04466527561343,1.8685000013647368,2790.6843349992414,505.04646017699116
1787344714,40,,Aggregated,4.200000,0.600000,89,140,240,250,290,380,540,680,1200,2800,2800,3171,468,89,134.06808678083837,1.8685000013647368,2790.6843349992414,504.4563229265216
1787344715,40,,Aggregated,4.300000,0.600000,89,140,240,250,290,380,540,680,1200,2800,2800,3175,469,89,134.01801589765049,1.8685000013647368,2790.6843349992414,504.24818897637795
1787344716,40,,Aggregated,4.600000,0.700000,89,140,240,250,290,380,540,680,1200,2800,2800,3182,471,89,133.92298773634235,1.8685000013647368,2790.6843349992414,504.2338152105594
1787344717,40,,Aggregated,5.300000,1.000000,89,140,240,250,290,380,540,680,1200,2800,2800,3188,472,89,133.86481297680095,1.8685000013647368,2790.6843349992414,503.7421580928482
1787344718,40,,Aggregated,5.300000,1.000000,89,140,240,250,290,380,540,680,1200,2800,2800,3189,472,89,133.85202762748247,1.8685000013647368,2790.6843349992414,503.9068673565381
1787344719,40,,Aggregated,5.500000,1.100000,89,140,240,250,290,380,560,680,1200,2800,2800,3197,473,89,134.22998870723802,1.8685000013647368,2790.6843349992414,504.3772286518611
1787344720,40,,Aggregated,5.200000,1.000000,89,140,240,250,290,380,560,680,1200,2800,2800,3198,473,89,134.21750374610392,1.8685000013647368,2790.6843349992414,504.55065666041276
1787344721,40,,Aggregated,5.000000,1.000000,89,140,240,250,290,380,540,680,1200,2800,2800,3202,473,89,134.16151736603422,1.8685000013647368,2790.6843349992414,505.22985633978766
1787344722,40,,Aggregated,5.300000,1.000000,89,140,240,250,290,380,540,680,1200,2800,2800,3206,473,89,134.1856438646425,1.8685000013647368,2790.6843349992414,505.5951341235184
1787344723,40,,Aggregated,5.300000,1.000000,89,140,240,250,290,380,540,680,1200,2800,2800,3208,473,89,134.13509078212104,1.8685000013647368,2790.6843349992414,505.6259351620948
1787344724,40,,Aggregated,5.100000,0.900000,89,140,240,250,290,380,540,680,1200,2800,2800,3212,474,89,134.05737511084862,1.8685000013647368,2790.6843349992414,505.11114570361144
1787344725,40,,Aggregated,4.900000,0.800000,89,140,240,250,290,380,560,680,1200,2800,2800,3225,476,89,134.5605213516408,1.8685000013647368,2790.6843349992414,505.2412403100775
1787344726,40,,Aggregated,4.400000,0.700000,89,140,240,250,290,380,560,680,1200,2800,2800,3229,476,89,134.49328259059791,1.8685000013647368,2790.6843349992414,505.60668937751626
1787344727,40,,Aggregated,3.800000,0.500000,89,140,240,250,290,380,560,680,1200,2800,2800,3233,476,89,134.47442565791533,1.8685000013647368,2790.6843349992414,505.67336838849366
1787344728,40,,Aggregated,3.800000,0.500000,89,140,240,250,290,380,560,680,1200,2800,2800,3234,476,89,134.4373814891896,1.8685000013647368,2790.6843349992414,505.5374149659864
1787344729,40,,Aggregated,4.700000,0.500000,89,140,240,250,290,380,560,680,1200,2800,2800,3240,477,89,134.53145522995047,1.8685000013647368,2790.6843349992414,505.6716049382716
1787344730,40,,Aggregated,4.500000,0.400000,89,140,240,250,290,380,560,680,1200,2800,2800,3243,477,89,134.68272020075165,1.8685000013647368,2790.6843349992414,506.16928769657727
1787344731,40,,Aggregated,4.700000,0.400000,89,140,240,250,290,390,540,680,1200,2800,2800,3255,480,89,134.84302772197918,1.8685000013647368,2790.6843349992414,505.5468509984639
1787344732,40,,Aggregated,4.300000,0.400000,89,140,240,250,290,390,540,680,1200,2800,2800,3257,480,89,134.79222062267215,1.8685000013647368,2790.6843349992414,505.58213079521033
1787344733,40,,Aggregated,4.500000,0.400000,89,140,240,250,290,390,540,680,1200,2800,2800,3262,480,89,134.7015839034475,1.8685000013647368,2790.6843349992414,506.1033108522379
1787344734,40,,Aggregated,5.300000,0.700000,89,140,240,250,290,390,540,680,1200,2800,2800,3265,480,89,134.64977800705876,1.8685000013647368,2790.6843349992414,506.5938744257274
1787344735,40,,Aggregated,5.200000,0.700000,89,140,240,250,290,390,540,680,1200,2800,2800,3271,481,89,134.70271524550603,1.8685000013647368,2790.6843349992414,506.4234179150107
1787344736,40,,Aggregated,5.600000,0.700000,89,140,240,250,290,390,540,680,1200,2800,2800,3277,482,89,134.73570834148597,1.8685000013647368,2790.6843349992414,506.55263960939885
1787344737,40,,Aggregated,5.300000,0.600000,89,140,240,250,290,380,540,680,1200,2800,2800,3285,484,89,134.67844797840226,1.8685000013647368,2790.6843349992414,505.5269406392694
1787344738,40,,Aggregated,4.800000,0.600000,89,140,240,250,290,380,540,680,1200,2800,2800,3288,484,89,134.68965101126915,1.8685000013647368,2790.6843349992414,505.7198905109489
1787344739,40,,Aggregated,4.800000,0.600000,89,140,240,250,290,390,560,680,1200,2800,2800,3295,485,89,135.00917461549415,1.8685000013647368,2790.6843349992414,505.7050075872534
1787344740,40,,Aggregated,5.100000,0.800000,90,140,240,250,290,390,560,680,1200,2800,2800,3304,486,90,135.53463143948358,1.8685000013647368,2790.6843349992414,506.0142251815981
1787344741,40,,Aggregated,5.100000,0.800000,90,140,240,250,290,390,560,680,1200,2800,2800,3305,486,90,135.52395460939601,1.8685000013647368,2790.6843349992414,506.1806354009077
1787344742,40,,Aggregated,6.000000,0.900000,90,140,240,250,290,390,560,680,1200,2800,2800,3311,488,90,135.44877427002513,1.8685000013647368,2790.6843349992414,505.4515252189671
1787344743,40,,Aggregated,6.000000,0.900000,90,140,240,250,290,390,560,680,1200,2800,2800,3316,488,90,135.37919563753204,1.8685000013647368,2790.6843349992414,505.97527141133895
1787344744,40,,Aggregated,5.300000,0.700000,90,140,240,250,290,390,560,680,1200,2800,2800,3318,488,90,135.3249796642721,1.8685000013647368,2790.6843349992414,505.998191681736
1787344745,40,,Aggregated,5.400000,0.800000,90,140,240,250,290,390,560,680,1200,2800,2800,3319,488,90,135.30824956856156,1.8685000013647368,2790.6843349992414,506.16209701717383
1787344746,40,,Aggregated,5.300000,0.800000,90,140,240,250,290,390,560,680,1200,2800,2800,3321,488,90,135.28820504157025,1.8685000013647368,2790.6843349992414,506.4838903944595
1787344747,40,,Aggregated,5.300000,0.800000,90,140,240,250,290,390,560,680,1200,2800,2800,3323,488,90,135.33881182457276,1.8685000013647368,2790.6843349992414,506.810412278062
1787344748,40,,Aggregated,4.600000,0.600000,90,140,240,250,290,390,560,680,1200,2800,2800,3329,489,90,135.32363634816926,1.8685000013647368,2790.6843349992414,506.6323220186242
1787344749,40,,Aggregated,4.400000,0.600000,90,140,240,250,290,390,560,680,1200,2800,2800,3334,489,90,135.31842827236255,1.8685000013647368,2790.6843349992414,507.4415116976605
1787344750,40,,Aggregated,3.900000,0.400000,90,140,240,250,290,390,560,680,1200,2800,2800,3338,489,90,135.31821001409767,1.8685000013647368,2790.6843349992414,508.09047333732775
1787344751,40,,Aggregated,3.900000,0.500000,90,140,240,250,290,390,560,680,1200,2800,2800,3340,489,90,135.4036050479214,1.8685000013647368,2790.6843349992414,508.4059880239521
1787344752,40,,Aggregated,3.600000,0.300000,90,140,240,250,290,390,560,680,1200,2800,2800,3345,490,90,135.45922213065938,1.8685000013647368,2790.6843349992414,508.36711509715997
1787344753,40,,Aggregated,3.400000,0.300000,90,150,240,250,290,390,560,680,1200,2800,2800,3353,491,90,135.63847986491356,1.8685000013647368,2790.6843349992414,508.51804354309576
1787344754,40,,Aggregated,3.500000,0.300000,90,150,240,250,290,390,560,680,1200,2800,2800,3359,492,90,135.7251992250837,1.8685000013647368,2790.6843349992414,508.6320333432569
1787344755,40,,Aggregated,3.600000,0.300000,90,150,240,250,290,390,560,680,1200,2800,2800,3367,494,90,135.6512731505958,1.8685000013647368,2790.6843349992414,508.22987822987824
1787344756,40,,Aggregated,3.900000,0.400000,90,150,240,250,290,390,560,680,1200,2800,2800,3368,494,90,135.6865781716318,1.8685000013647368,2790.6843349992414,508.38212589073635
1787344757,40,,Aggregated,4.100000,0.400000,90,150,240,250,290,390,560,680,1200,2800,2800,3378,495,90,135.72139097130164,1.8685000013647368,2790.6843349992414,508.56039076376555
1787344758,40,,Aggregated,4.100000,0.400000,90,150,240,250,290,390,560,680,1200,2800,2800,3378,495,90,135.72139097130164,1.8685000013647368,2790.6843349992414,508.56039076376555
1787344759,40,,Aggregated,4.900000,0.600000,90,150,240,250,300,390,560,680,1200,2800,2800,3387,497,90,135.78491278980295,1.8685000013647368,2790.6843349992414,508.3209329790375
1787344760,40,,Aggregated,5.400000,0.700000,90,150,240,250,300,390,560,680,1200,2800,2800,3390,498,90,135.75261451417748,1.8685000013647368,2790.6843349992414,507.96342182890857
1787344761,40,,Aggregated,4.900000,0.600000,90,150,240,250,290,390,560,680,1200,2800,2800,3392,498,90,135.7029218980131,1.8685000013647368,2790.6843349992414,507.99233490566036
1787344762,40,,Aggregated,5.100000,0.800000,90,150,240,250,300,390,560,680,1200,2800,2800,3397,499,90,135.6946997583333,1.8685000013647368,2790.6843349992414,507.9584927877539
1787344763,40,,Aggregated,5.200000,0.900000,90,150,240,250,290,390,540,680,1200,2800,2800,3403,499,90,135.5480023987833,1.8685000013647368,2790.6843349992414,508.0343814281516
1787344764,40,,Aggregated,5.300000,0.900000,90,150,240,250,290,390,540,680,1200,2800,2800,3409,500,90,135.43849525669097,1.8685000013647368,2790.6843349992414,507.85890290407747
1787344765,40,,Aggregated,4.700000,0.800000,90,140,240,250,290,390,540,680,1200,2800,2800,3415,501,90,135.32216040645955,1.8685000013647368,2790.6843349992414,507.6799414348463
1787344766,40,,Aggregated,4.700000,0.700000,90,150,240,250,290,390,540,680,1200,2800,2800,3420,502,90,135.31108969212195,1.8685000013647368,2790.6843349992414,507.6453216374269
1787344767,40,,Aggregated,5.300000,0.900000,90,150,240,250,290,390,540,680,1200,2800,2800,3423,502,90,135.44142275228063,1.8685000013647368,2790.6843349992414,508.1171486999708
1787344768,40,,Aggregated,4.800000,0.700000,90,150,240,250,290,390,540,680,1200,2800,2800,3424,502,90,135.44336768605595,1.8685000013647368,2790.6843349992414,508.27453271028037
1787344769,40,,Aggregated,5.000000,0.800000,90,150,240,250,290,390,540,680,1200,2800,2800,3429,502,90,135.32400003617843,1.8685000013647368,2790.6843349992414,508.49372995042285
1787344770,40,,Aggregated,4.500000,0.700000,90,150,240,250,290,390,540,680,1200,2800,2800,3434,503,90,135.27051375918873,1.8685000013647368,2790.6843349992414,508.16132789749565
1787344771,40,,Aggregated,4.700000,0.700000,90,150,240,250,290,390,540,680,1200,2800,2800,3439,504,90,135.24614415529345,1.8685000013647368,2790.6843349992414,507.83599883687117
1787344772,40,,Aggregated,4.200000,0.500000,90,140,240,250,290,380,540,680,1200,2800,2800,3442,504,90,135.1788838730547,1.8685000013647368,2790.6843349992414,508.0214991284137
1787344773,40,,Aggregated,4.300000,0.500000,89,140,240,250,290,380,540,680,1200,2800,2800,3450,505,89,135.04288545885726,1.8685000013647368,2790.6843349992414,508.1655072463768
1787344774,40,,Aggregated,4.300000,0.500000,89,140,240,250,290,380,540,680,1200,2800,2800,3451,505,89,135.02480446480985,1.8685000013647368,2790.6843349992414,508.32135612865835
1787344775,40,,Aggregated,4.500000,0.500000,89,140,240,250,290,380,540,680,1200,2800,2800,3454,506,89,134.99148968617772,1.8685000013647368,2790.6843349992414,507.96931094383325
1787344776,40,,Aggregated,4.800000,0.600000,89,140,240,250,290,380,540,680,1200,2800,2800,3460,507,89,135.03063011822474,1.8685000013647368,2790.6843349992414,507.79393063583814
1787344777,40,,Aggregated,3.900000,0.400000,89,140,240,250,290,380,540,680,1200,2800,2800,3462,507,89,135.06450482641796,1.8685000013647368,2790.6843349992414,508.10889659156555
1787344778,40,,Aggregated,3.900000,0.500000,89,140,240,250,290,380,540,680,1200,2800,2800,3465,507,89,135.01343908140228,1.8685000013647368,2790.6843349992414,508.2966810966811
1787344779,40,,Aggregated,4.100000,0.500000,89,140,240,250,290,380,540,680,1200,2800,2800,3466,507,89,134.97826544779537,1.8685000013647368,2790.6843349992414,508.16907097518754
1787344780,40,,Aggregated,4.000000,0.500000,89,140,240,250,290,380,540,680,1200,2800,2800,3473,508,89,134.93008761735098,1.8685000013647368,2790.6843349992414,508.45061906133026
1787344781,40,,Aggregated,4.000000,0.500000,90,140,240,250,290,380,540,680,1200,2800,2800,3476,508,89,134.87990406934995,1.8685000013647368,2790.6843349992414,508.62140391254314
1787344782,40,,Aggregated,3.800000,0.500000,89,140,240,250,290,380,540,680,1200,2800,2800,3483,509,89,134.80868940943455,1.8685000013647368,2790.6843349992414,508.61240310077517
1787344783,40,,Aggregated,3.900000,0.500000,90,140,240,250,290,380,540,680,1200,2800,2800,3492,511,89,134.76169967212508,1.8685000013647368,2790.6843349992414,508.1028064146621
1787344784,40,,Aggregated,3.600000,0.400000,89,140,240,250,290,380,540,680,1200,2800,2800,3499,512,89,134.68807932182287,1.8685000013647368,2790.6843349992414,508.086024578451
1787344785,40,,Aggregated,4.100000,0.500000,89,140,240,250,290,380,540,670,1200,2800,2800,3508,514,89,134.74013009807754,1.8685000013647368,2790.6843349992414,507.58038768529076
1787344786,40,,Aggregated,4.100000,0.600000,89,140,240,250,290,380,540,670,1200,2800,2800,3511,514,89,134.6917792797082,1.8685000013647368,2790.6843349992414,507.7624608373683
1787344787,40,,Aggregated,4.800000,0.700000,89,140,240,250,290,380,540,670,1200,2800,2800,3515,515,89,134.74075399717043,1.8685000013647368,2790.6843349992414,507.572972972973
1787344788,40,,Aggregated,5.500000,0.800000,89,140,240,250,290,380,540,670,1200,2800,2800,3523,517,89,134.67231054500516,1.8685000013647368,2790.6843349992414,507.1944365597502
1787344789,40,,Aggregated,5.000000,0.700000,89,140,240,250,290,380,540,670,1200,2800,2800,3529,519,89,134.59334972401618,1.8685000013647368,2790.6843349992414,506.74355341456504
1787344790,40,,Aggregated,5.200000,0.800000,89,140,240,250,290,380,540,670,1200,2800,2800,3534,519,89,134.455710222991,1.8685000013647368,2790.6843349992414,506.67147707979626
1787344791,40,,Aggregated,5.800000,1.000000,89,140,240,250,290,380,540,670,1200,2800,2800,3537,520,89,134.43090446566362,1.8685000013647368,2790.6843349992414,506.32994062765056
1787344792,40,,Aggregated,6.200000,1.200000,89,140,240,250,290,390,540,680,1200,2800,2800,3547,522,89,134.96561333889284,1.8685000013647368,2790.6843349992414,506.2588102621934
1787344793,40,,Aggregated,6.100000,1.100000,89,140,240,250,290,390,540,680,1200,2800,2800,3553,522,89,134.85762469857906,1.8685000013647368,2790.6843349992414,506.8989586265128
1787344794,40,,Aggregated,6.100000,1.200000,89,140,240,250,290,390,540,680,1200,2800,2800,3555,522,89,134.85087946893157,1.8685000013647368,2790.6843349992414,506.9274261603376
1787344795,40,,Aggregated,6.400000,1.300000,89,140,240,250,290,390,540,680,1200,2800,2800,3560,523,89,134.89274857585698,1.8685000013647368,2790.6843349992414,506.89073033707865
1787344796,40,,Aggregated,6.100000,1.100000,89,140,240,250,290,380,540,680,1200,2800,2800,3561,523,89,134.8605138576388,1.8685000013647368,2790.6843349992414,506.76804268463917
1787344797,40,,Aggregated,5.600000,1.000000,89,140,240,250,290,380,540,680,1200,2800,2800,3563,523,89,134.87397261578792,1.8685000013647368,2790.6843349992414,507.06651698007295
1787344799,40,,Aggregated,5.100000,0.900000,89,140,240,250,290,380,540,680,1200,2800,2800,3572,525,89,134.79744225113353,1.8685000013647368,2790.6843349992414,506.8339865621501
1787344800,40,,Aggregated,5.000000,0.900000,89,140,240,250,290,380,540,680,1200,2800,2800,3574,525,89,134.7545879418156,1.8685000013647368,2790.6843349992414,506.84918858421935
1787344801,40,,Aggregated,4.800000,0.800000,89,140,240,250,290,380,540,680,1200,2800,2800,3586,528,89,134.7266723873546,1.8685000013647368,2790.6843349992414,506.29503625209145
1787344802,40,,Aggregated,4.900000,0.800000,89,140,240,250,290,380,540,680,1200,2800,2800,3591,528,89,134.6379474879015,1.8685000013647368,2790.6843349992414,506.7710944026733
1787344803,40,,Aggregated,4.500000,0.600000,89,140,240,250,290,380,540,680,1200,2800,2800,3597,529,89,134.60433631360956,1.8685000013647368,2790.6843349992414,506.8821239922157
1787344804,40,,Aggregated,5.200000,0.900000,89,140,240,250,290,380,540,680,1200,2800,2800,3598,529,89,134.59465360729703,1.8685000013647368,2790.6843349992414,507.03001667593105
1787344805,40,,Aggregated,5.400000,0.800000,89,140,240,250,290,380,540,680,1200,2800,2800,3599,529,89,134.59025236539455,1.8685000013647368,2790.6843349992414,507.18505140316756
1787344806,40,,Aggregated,5.000000,0.700000,89,140,240,250,290,380,540,670,1200,2800,2800,3612,532,89,134.7374908333482,1.8685000013647368,2790.6843349992414,506.7906976744186
1787344807,40,,Aggregated,4.500000,0.700000,89,140,240,250,290,380,540,670,1200,2800,2800,3617,533,89,134.67796743822413,1.8685000013647368,2790.6843349992414,506.482167542162
1787344808,40,,Aggregated,5.200000,0.900000,89,140,240,250,290,380,540,670,1200,2800,2800,3620,534,89,134.66630327294354,1.8685000013647368,2790.6843349992414,506.14806629834254
1787344809,40,,Aggregated,5.200000,0.900000,89,140,240,250,290,380,540,670,1200,2800,2800,3627,535,89,134.6318733157032,1.8685000013647368,2790.6843349992414,506.4063964709126
1787344810,40,,Aggregated,5.600000,1.000000,89,140,240,250,290,380,540,670,1200,2800,2800,3629,535,89,134.59993567292818,1.8685000013647368,2790.6843349992414,506.70680628272254
1787344811,40,,Aggregated,5.400000,1.000000,89,140,240,250,290,380,540,670,1200,2800,2800,3630,535,89,134.5644275179214,1.8685000013647368,2790.6843349992414,506.58567493112946
1787344812,40,,Aggregated,5.500000,1.000000,89,140,240,250,290,380,540,670,1200,2800,2800,3636,536,89,134.4873510651964,1.8685000013647368,2790.6843349992414,506.1548404840484
1787344813,40,,Aggregated,5.500000,1.000000,89,140,240,250,290,380,540,670,1200,2800,2800,3644,538,89,134.5470099975454,1.8685000013647368,2790.6843349992414,505.7972008781559
1787344814,40,,Aggregated,5.500000,1.000000,89,140,240,250,290,380,540,670,1200,2800,2800,3644,538,89,134.5470099975454,1.8685000013647368,2790.6843349992414,505.7972008781559
1787344815,40,,Aggregated,4.500000,0.800000,89,140,240,250,290,380,530,670,1200,2800,2800,3653,540,89,134.55695518944825,1.8685000013647368,2790.6843349992414,505.0462633451957
1787344816,40,,Aggregated,4.700000,0.900000,89,140,240,250,290,380,530,670,1200,2800,2800,3659,541,89,134.4632953831797,1.8685000013647368,2790.6843349992414,504.6151954085816
1787344817,40,,Aggregated,4.600000,0.900000,89,140,240,250,290,380,530,670,1200,2800,2800,3668,543,89,134.5322578418903,1.8685000013647368,2790.6843349992414,504.4059432933479
1787344818,40,,Aggregated,5.400000,1.100000,89,150,240,250,290,380,530,670,1200,2800,2800,3672,543,89,134.63927394636545,1.8685000013647368,2790.6843349992414,504.99918300653593
1787344819,40,,Aggregated,5.100000,1.000000,89,150,240,250,290,380,530,670,1200,2800,2800,3682,546,89,134.87033999105148,1.8685000013647368,2790.6843349992414,504.16974470396525
1787344820,40,,Aggregated,5.500000,1.000000,89,150,240,250,290,380,530,670,1200,2800,2800,3689,547,89,134.92103440771268,1.8685000013647368,2790.6843349992414,504.1645432366495
1787344821,40,,Aggregated,5.500000,1.000000,89,150,240,250,290,380,530,670,1200,2800,2800,3692,547,89,134.84493796615735,1.8685000013647368,2790.6843349992414,504.0723185265439
1787344822,40,,Aggregated,5.900000,1.200000,89,150,240,250,290,380,530,670,1200,2800,2800,3700,548,89,134.71792052136556,1.8685000013647368,2790.6843349992414,504.212972972973
1787344823,40,,Aggregated,5.900000,1.200000,89,150,240,250,290,380,530,670,1200,2800,2800,3705,549,89,134.61519342430614,1.8685000013647368,2790.6843349992414,503.6523616734143
1787344824,40,,Aggregated,6.200000,1.200000,89,150,240,250,290,380,530,670,1200,2800,2800,3709,550,89,134.57755296038167,1.8685000013647368,2790.6843349992414,503.4777568077649
1787344825,40,,Aggregated,6.100000,1.100000,89,140,240,250,290,380,530,670,1200,2800,2800,3712,550,89,134.53748571445482,1.8685000013647368,2790.6843349992414,503.9181034482759
1787344826,40,,Aggregated,6.500000,1.200000,89,140,240,250,290,380,530,670,1200,2800,2800,3720,552,88,134.4150834822726,1.8685000013647368,2790.6843349992414,503.3008064516129
1787344827,40,,Aggregated,6.500000,1.200000,89,140,240,250,290,380,530,670,1200,2800,2800,3720,552,88,134.4150834822726,1.8685000013647368,2790.6843349992414,503.3008064516129
1787344828,40,,Aggregated,5.800000,1.000000,89,150,240,250,290,380,530,670,1200,2800,2800,3731,554,89,134.4346337030429,1.8685000013647368,2790.6843349992414,502.8608952023586
1787344829,40,,Aggregated,5.800000,1.000000,89,150,240,250,290,380,530,670,1200,2800,2800,3734,554,89,134.43658744323875,1.8685000013647368,2790.6843349992414,503.2978039635779
1787344830,40,,Aggregated,5.600000,1.000000,89,150,240,250,290,380,530,670,1200,2800,2800,3741,555,89,134.503826998678,1.8685000013647368,2790.6843349992414,503.0638866613205
1787344831,40,,Aggregated,5.800000,1.000000,89,150,240,250,300,380,540,670,1200,2800,2800,3748,556,89,135.00467521879835,1.8685000013647368,2790.6843349992414,503.2982924226254
1787344832,40,,Aggregated,5.800000,1.000000,89,150,240,250,300,380,540,670,1200,2800,2800,3749,556,89,134.98865007656897,1.8685000013647368,2790.6843349992414,503.442784742598
1787344833,40,,Aggregated,5.500000,0.900000,89,150,240,250,290,380,540,670,1200,2800,2800,3757,558,89,134.92357040539113,1.8685000013647368,2790.6843349992414,502.8285866382752
1787344834,40,,Aggregated,5.500000,0.900000,89,150,240,250,290,380,540,670,1200,2800,2800,3762,558,89,134.79919880065233,1.8685000013647368,2790.6843349992414,502.7639553429027
1787344835,40,,Aggregated,5.100000,0.900000,89,150,240,250,290,380,540,670,1200,2800,2800,3766,558,89,134.7311972727179,1.8685000013647368,2790.6843349992414,503.0772703133298
1787344836,40,,Aggregated,5.100000,0.900000,89,150,240,250,290,380,540,670,1200,2800,2800,3768,558,89,134.6898252972548,1.8685000013647368,2790.6843349992414,503.1069532908705
1787344837,40,,Aggregated,5.300000,0.800000,89,150,240,250,290,380,540,670,1200,2800,2800,3772,559,89,134.65193592339668,1.8685000013647368,2790.6843349992414,502.93027571580063
1787344838,40,,Aggregated,5.400000,0.800000,89,150,240,250,300,390,540,680,1200,2800,2800,3779,560,89,135.0553023426966,1.8685000013647368,2790.6843349992414,502.9367557554909
1787344839,40,,Aggregated,5.100000,0.700000,89,150,240,250,290,380,540,680,1200,2800,2800,3785,561,89,135.064404065535,1.8685000013647368,2790.6843349992414,502.79128137384413
1787344840,40,,Aggregated,5.200000,0.700000,89,150,240,250,290,380,540,680,1200,2800,2800,3792,562,89,135.01580854748076,1.8685000013647368,2790.6843349992414,502.7887658227848
1787344841,40,,Aggregated,5.100000,0.700000,89,150,240,250,290,380,540,680,1200,2800,2800,3794,562,89,134.9756788271073,1.8685000013647368,2790.6843349992414,502.81576172904585
1787344842,40,,Aggregated,5.100000,0.700000,89,150,240,250,290,380,540,680,1200,2800,2800,3799,563,89,134.9811738536581,1.8685000013647368,2790.6843349992414,502.78204790734407
1787344843,40,,Aggregated,5.200000,0.700000,89,150,240,250,290,380,540,680,1200,2800,2800,3802,563,89,134.95234177486827,1.8685000013647368,2790.6843349992414,502.94687006838507
1787344844,40,,Aggregated,4.700000,0.600000,89,150,240,250,290,380,540,680,1200,2800,2800,3807,564,89,134.8988204434066,1.8685000013647368,2790.6843349992414,502.91069083267666
1787344845,40,,Aggregated,5.000000,0.700000,89,150,240,250,290,380,540,680,1200,2800,2800,3813,565,89,134.86291060504846,1.8685000013647368,2790.6843349992414,502.765538945712
1787344846,40,,Aggregated,4.500000,0.600000,89,150,240,250,290,380,540,680,1200,2800,2800,3821,567,89,134.9022488476973,1.8685000013647368,2790.6843349992414,502.16775713164094
1787344847,40,,Aggregated,4.800000,0.700000,89,150,240,250,290,380,540,680,1200,2800,2800,3826,568,89,134.86013295375145,1.8685000013647368,2790.6843349992414,502.14035546262414
1787344848,40,,Aggregated,5.000000,0.800000,89,150,240,250,290,380,540,680,1200,2800,2800,3831,568,89,134.8778967776177,1.8685000013647368,2790.6843349992414,502.3234142521535
1787344849,40,,Aggregated,5.100000,0.800000,89,150,240,250,290,380,540,680,1200,2800,2800,3838,569,89,134.79789541351016,1.8685000013647368,2790.6843349992414,502.0560187597707
1787344850,40,,Aggregated,5.000000,0.800000,89,150,240,250,290,380,540,680,1200,2800,2800,3848,570,89,134.772876357083,1.8685000013647368,2790.6843349992414,502.73986486486484
1787344851,40,,Aggregated,5.000000,0.800000,89,150,240,250,290,380,540,680,1200,2800,2800,3851,570,89,134.7119689618426,1.8685000013647368,2790.6843349992414,502.90288236821607
1787344852,40,,Aggregated,5.400000,0.800000,89,140,240,250,290,380,540,680,1200,2800,2800,3858,570,89,134.61127245698663,1.8685000013647368,2790.6843349992414,503.6213063763608
1787344853,40,,Aggregated,5.700000,0.800000,89,140,240,250,290,380,540,680,1200,2800,2800,3861,570,89,134.5763158438368,1.8685000013647368,2790.6843349992414,504.0481740481741
1787344854,40,,Aggregated,5.700000,0.700000,89,140,240,250,290,380,540,680,1200,2800,2800,3864,570,89,134.53281084344022,1.8685000013647368,2790.6843349992414,504.21816770186336
1787344855,40,,Aggregated,5.700000,0.700000,88,140,240,250,290,380,540,680,1200,2800,2800,3867,570,88,134.44962584459603,1.8685000013647368,2790.6843349992414,504.1305921903284
1787344856,40,,Aggregated,5.500000,0.600000,88,140,240,250,290,380,540,680,1200,2800,2800,3873,571,88,134.43642208263714,1.8685000013647368,2790.6843349992414,504.24296411050864
1787344857,40,,Aggregated,5.400000,0.500000,88,140,240,250,290,380,540,680,1200,2800,2800,3878,572,88,134.4134882179097,1.8685000013647368,2790.6843349992414,503.9543579164518
1787344858,40,,Aggregated,5.400000,0.500000,89,140,240,250,290,380,540,680,1200,2800,2800,3881,572,89,134.53046432853733,1.8685000013647368,2790.6843349992414,504.3749033754187
1787344859,40,,Aggregated,5.000000,0.400000,88,140,240,250,290,380,540,680,1200,2800,2800,3885,572,88,134.43897122884283,1.8685000013647368,2790.6843349992414,504.42393822393825
1787344860,40,,Aggregated,5.100000,0.400000,88,140,240,250,290,380,540,680,1200,2800,2800,3888,572,88,134.39125510520995,1.8685000013647368,2790.6843349992414,504.838220164609
1787344861,40,,Aggregated,4.800000,0.300000,88,140,240,250,290,380,540,680,1200,2800,2800,3895,574,88,134.3228829846097,1.8685000013647368,2790.6843349992414,504.3630295250321
1787344862,40,,Aggregated,4.200000,0.200000,88,140,240,250,290,380,540,680,1200,2800,2800,3899,574,88,134.26680066890373,1.8685000013647368,2790.6843349992414,504.9217748140549
1787344863,40,,Aggregated,4.100000,0.300000,88,140,240,250,290,380,540,670,1200,2800,2800,3901,574,88,134.27225500283453,1.8685000013647368,2790.6843349992414,505.19559087413484
1787344864,40,,Aggregated,4.200000,0.400000,88,140,240,250,290,380,540,670,1200,2800,2800,3906,575,88,134.2720186720579,1.8685000013647368,2790.6843349992414,504.91653865847417
1787344865,40,,Aggregated,4.000000,0.400000,88,140,240,250,290,380,540,670,1200,2800,2800,3907,575,88,134.23968027900125,1.8685000013647368,2790.6843349992414,504.80291783977475
1787344866,40,,Aggregated,4.300000,0.500000,88,140,240,250,290,380,540,670,1200,2800,2800,3915,576,88,134.15873610448588,1.8685000013647368,2790.6843349992414,504.6899106002554
1787344867,40,,Aggregated,3.900000,0.500000,88,140,240,250,290,380,540,670,1200,2800,2800,3920,577,88,134.24015367144457,1.8685000013647368,2790.6843349992414,504.65867346938774
1787344868,40,,Aggregated,3.900000,0.500000,88,140,240,250,290,380,540,670,1200,2800,2800,3922,577,88,134.3024458123566,1.8685000013647368,2790.6843349992414,504.68255991840897
1787344869,40,,Aggregated,4.200000,0.500000,88,140,240,250,290,380,540,670,1200,2800,2800,3924,577,88,134.30638618554127,1.8685000013647368,2790.6843349992414,504.96151885830784
1787344870,40,,Aggregated,4.100000,0.500000,88,140,240,250,290,380,540,670,1200,2800,2800,3937,579,88,134.27903800966885,1.8685000013647368,2790.6843349992414,504.5504191008382
1787344871,40,,Aggregated,3.800000,0.500000,88,140,240,250,290,380,540,670,1200,2800,2800,3942,580,88,134.2062538313204,1.8685000013647368,2790.6843349992414,504.271435819381
1787344872,40,,Aggregated,4.700000,0.700000,88,140,240,250,290,380,540,670,1200,2800,2800,3946,580,88,134.1331375600778,1.8685000013647368,2790.6843349992414,504.5727318803852
1787344873,40,,Aggregated,4.700000,0.700000,88,140,240,250,290,380,540,670,1200,2800,2800,3949,580,88,134.0788757964212,1.8685000013647368,2790.6843349992414,504.73689541656114
1787344874,40,,Aggregated,4.700000,0.600000,88,140,240,250,290,380,530,670,1200,2800,2800,3954,581,88,134.023402835626,1.8685000013647368,2790.6843349992414,504.46054628224584
1787344875,40,,Aggregated,5.000000,0.600000,88,140,240,250,290,380,530,670,1200,2800,2800,3960,582,88,133.97019783789506,1.8685000013647368,2790.6843349992414,504.3305555555556
1787344876,40,,Aggregated,4.700000,0.600000,88,140,240,250,290,380,530,670,1200,2800,2800,3966,583,88,133.9681769574039,1.8685000013647368,2790.6843349992414,504.4427634896621
1787344877,40,,Aggregated,5.000000,0.600000,88,140,240,250,290,380,530,670,1200,2800,2800,3973,585,88,133.90503088071014,1.8685000013647368,2790.6843349992414,503.727913415555
1787344878,40,,Aggregated,5.000000,0.600000,88,140,240,250,290,380,530,670,1200,2800,2800,3976,585,88,133.85145444040822,1.8685000013647368,2790.6843349992414,503.6433601609658
1787344879,40,,Aggregated,5.600000,0.900000,88,140,240,250,290,380,530,670,1200,2800,2800,3981,586,88,133.84429518841128,1.8685000013647368,2790.6843349992414,503.35870384325546
1787344880,40,,Aggregated,5.400000,0.800000,88,140,240,250,290,380,530,670,1200,2800,2800,3990,587,88,133.90779197495365,1.8685000013647368,2790.6843349992414,503.6323308270677
1787344881,40,,Aggregated,5.400000,0.800000,88,140,240,250,290,380,530,670,1200,2800,2800,3995,588,88,133.86067420226962,1.8685000013647368,2790.6843349992414,503.10488110137675
1787344882,40,,Aggregated,5.100000,0.800000,88,140,240,250,290,380,530,670,1200,2800,2800,4000,589,88,133.81748169276682,1.8685000013647368,2790.6843349992414,503.08125
1787344883,40,,Aggregated,5.500000,0.800000,88,140,240,250,290,380,530,670,1100,2800,2800,4005,589,88,133.70935168041652,1.8685000013647368,2790.6843349992414,503.00923845193506
1787344884,40,,Aggregated,5.300000,0.900000,88,140,240,250,290,380,530,670,1100,2800,2800,4011,591,88,133.73790613863557,1.8685000013647368,2790.6843349992414,502.4103714784343
1787344885,40,,Aggregated,5.400000,0.900000,88,140,240,250,290,380,530,670,1100,2800,2800,4013,591,88,133.71618953552613,1.8685000013647368,2790.6843349992414,502.672564166459
1787344886,40,,Aggregated,5.300000,0.800000,88,140,240,250,290,380,530,670,1100,2800,2800,4023,593,88,133.7155455662598,1.8685000013647368,2790.6843349992414,502.38081034054187
1787344887,40,,Aggregated,5.600000,1.000000,88,140,240,250,290,380,530,670,1100,2800,2800,4030,594,88,133.72729270671553,1.8685000013647368,2790.6843349992414,502.6282878411911
1787344888,40,,Aggregated,5.600000,1.000000,88,140,240,250,290,380,530,670,1100,2800,2800,4030,594,88,133.72729270671553,1.8685000013647368,2790.6843349992414,502.6282878411911
1787344889,40,,Aggregated,5.600000,0.900000,88,140,240,250,290,380,530,670,1100,2800,2800,4038,595,88,133.69128940293803,1.8685000013647368,2790.6843349992414,503.00148588410104
1787344890,40,,Aggregated,5.400000,0.900000,88,140,240,250,290,380,530,670,1100,2800,2800,4041,596,88,133.6583008908847,1.8685000013647368,2790.6843349992414,502.70477604553327
1787344891,40,,Aggregated,6.000000,1.000000,88,140,240,250,290,380,530,670,1100,2800,2800,4044,597,88,133.6303146286014,1.8685000013647368,2790.6843349992414,502.4092482690406
1787344892,40,,Aggregated,5.200000,0.800000,88,140,240,250,290,380,530,670,1100,2800,2800,4048,597,88,133.59235113613238,1.8685000013647368,2790.6843349992414,502.9449110671937
1787344893,40,,Aggregated,4.600000,0.800000,88,140,240,250,290,380,530,670,1100,2800,2800,4052,597,88,133.5380090032235,1.8685000013647368,2790.6843349992414,503.4787759131293
1787344894,40,,Aggregated,4.900000,0.800000,88,140,240,250,290,380,530,670,1100,2800,2800,4054,597,88,133.49855005921614,1.8685000013647368,2790.6843349992414,503.5044400592008
1787344895,40,,Aggregated,4.700000,0.800000,88,140,240,250,290,380,530,670,1100,2800,2800,4060,598,88,133.49597220370978,1.8685000013647368,2790.6843349992414,503.3650246305419
1787344896,40,,Aggregated,4.800000,0.800000,88,140,240,250,290,370,530,670,1100,2800,2800,4068,600,88,133.47848903541288,1.8685000013647368,2790.6843349992414,503.03957718780725
1787344897,40,,Aggregated,4.400000,0.600000,88,140,240,250,290,380,540,680,1100,2800,2800,4082,604,88,134.16964082706008,1.8685000013647368,2790.6843349992414,501.8922097011269
1787344898,40,,Aggregated,4.700000,0.700000,88,140,240,250,290,380,540,680,1100,2800,2800,4091,606,88,134.14895295088238,1.8685000013647368,2790.6843349992414,501.4646785626986
1787344899,40,,Aggregated,4.700000,0.700000,88,140,240,250,290,380,540,680,1100,2800,2800,4095,606,88,134.1236861267546,1.8685000013647368,2790.6843349992414,501.74652014652014
1787344900,40,,Aggregated,5.500000,1.100000,88,140,240,250,290,380,540,680,1100,2800,2800,4100,607,88,134.12574159123474,1.8685000013647368,2790.6843349992414,501.719756097561
1787344901,40,,Aggregated,5.800000,1.100000,88,140,240,250,290,380,540,680,1100,2800,2800,4104,608,88,134.08599225951772,1.8685000013647368,2790.6843349992414,501.56481481481484
1787344902,40,,Aggregated,6.100000,1.200000,88,140,240,250,290,380,540,680,1100,2800,2800,4112,610,88,134.02504719554008,1.8685000013647368,2790.6843349992414,501.0114299610895
1787344903,40,,Aggregated,5.900000,1.100000,88,140,240,250,290,380,540,680,1100,2800,2800,4113,610,88,134.01092087723302,1.8685000013647368,2790.6843349992414,501.14612205203014
1787344904,40,,Aggregated,5.800000,1.100000,88,140,240,250,290,380,540,680,1100,2800,2800,4120,611,88,133.97999443448046,1.8685000013647368,2790.6843349992414,501.147572815534
1787344905,40,,Aggregated,6.200000,1.300000,88,140,240,250,290,380,540,680,1100,2800,2800,4121,611,88,133.9547221616257,1.8685000013647368,2790.6843349992414,501.04198010191703
1787344906,40,,Aggregated,6.600000,1.400000,88,140,240,250,290,380,540,680,1100,2800,2800,4124,611,88,134.1507595953103,1.8685000013647368,2790.6843349992414,501.43549951503394
1787344907,40,,Aggregated,6.400000,1.400000,88,140,240,250,290,380,540,680,1100,2800,2800,4130,612,88,134.1387035087307,1.8685000013647368,2790.6843349992414,501.5438256658596
1787344908,40,,Aggregated,5.900000,1.200000,88,150,240,250,300,380,560,680,1100,2800,2800,4145,615,88,134.69655210906146,1.8685000013647368,2790.6843349992414,500.9881785283474
1787344909,40,,Aggregated,5.800000,1.100000,88,140,240,250,300,380,560,680,1100,2800,2800,4149,615,88,134.61242054110917,1.8685000013647368,2790.6843349992414,501.04386599180526
1787344910,40,,Aggregated,5.800000,1.100000,88,140,240,250,300,380,560,680,1100,2800,2800,4151,615,88,134.57451688173003,1.8685000013647368,2790.6843349992414,501.06817634304986
1787344911,40,,Aggregated,5.100000,0.900000,88,140,240,250,300,380,560,680,1100,2800,2800,4153,615,88,134.5478961276335,1.8685000013647368,2790.6843349992414,501.3327714904888
1787344912,40,,Aggregated,5.200000,0.800000,88,140,240,250,300,380,560,680,1100,2800,2800,4160,616,88,134.53244747381345,1.8685000013647368,2790.6843349992414,501.33846153846156
1787344913,40,,Aggregated,5.200000,0.800000,88,140,240,250,300,380,560,680,1100,2800,2800,4161,616,88,134.5015697426252,1.8685000013647368,2790.6843349992414,501.2338380197068
1787344914,40,,Aggregated,4.800000,0.700000,88,140,240,250,300,390,560,680,1100,2800,2800,4166,617,88,134.5964509904138,1.8685000013647368,2790.6843349992414,501.20883341334616
1787344915,40,,Aggregated,4.900000,0.600000,88,140,240,250,300,390,560,680,1100,2800,2800,4170,617,88,134.65623273238896,1.8685000013647368,2790.6843349992414,501.4956834532374
1787344916,40,,Aggregated,4.200000,0.500000,88,140,240,250,300,390,560,680,1100,2800,2800,4175,618,88,134.62774681510405,1.8685000013647368,2790.6843349992414,501.00119760479043
1787344917,40,,Aggregated,4.900000,0.600000,88,140,240,250,300,390,560,680,1100,2800,2800,4177,618,88,134.58968831172157,1.8685000013647368,2790.6843349992414,501.0263346899689
1787344918,40,,Aggregated,4.900000,0.600000,88,140,240,250,300,390,560,680,1100,2800,2800,4177,618,88,134.58968831172157,1.8685000013647368,2790.6843349992414,501.0263346899689
1787344919,40,,Aggregated,4.900000,0.700000,88,140,240,250,300,390,560,680,1100,2800,2800,4180,618,88,134.5968675727419,1.8685000013647368,2790.6843349992414,501.4136363636364
1787344920,40,,Aggregated,4.700000,0.600000,88,140,240,250,300,390,560,680,1100,2800,2800,4185,619,88,134.6958954886653,1.8685000013647368,2790.6843349992414,500.95029868578257
1787344921,40,,Aggregated,3.200000,0.300000,88,150,240,250,300,390,560,680,1100,2800,2800,4191,621,88,134.947013947284,1.8685000013647368,2790.6843349992414,500.38200906704844
1787344922,40,,Aggregated,3.200000,0.300000,88,150,240,250,300,390,560,680,1100,2800,2800,4193,622,88,134.89152901551802,1.8685000013647368,2790.6843349992414,500.17386119723346
1787344923,40,,Aggregated,3.200000,0.300000,88,150,240,250,300,390,560,680,1100,2800,2800,4193,622,88,134.89152901551802,1.8685000013647368,2790.6843349992414,500.17386119723346
1787344924,40,,Aggregated,4.000000,0.700000,88,150,240,250,300,390,570,680,1100,2800,2800,4194,622,88,135.02059146901937,1.8685000013647368,2790.6843349992414,500.09871244635195
1787344925,40,,Aggregated,3.200000,0.600000,89,150,240,260,300,400,580,760,5100,5500,5500,4212,628,89,146.82224404987352,1.8685000013647368,5490.765586000634,500.5944919278253
1787344926,40,,Aggregated,3.200000,0.600000,89,150,240,260,300,400,580,760,5100,5500,5500,4218,630,89,146.774423714809,1.8685000013647368,5490.765586000634,500.0308202939782
1787344927,40,,Aggregated,3.300000,1.100000,89,150,240,260,300,400,580,760,5100,5500,5500,4224,631,89,146.65772174386072,1.8685000013647368,5490.765586000634,499.6735321969697
1787344928,40,,Aggregated,4.200000,1.100000,89,150,240,250,300,400,580,760,5100,5500,5500,4226,631,89,146.6197256320561,1.8685000013647368,5490.765586000634,499.70018930430666
1787344929,40,,Aggregated,4.400000,1.200000,89,150,240,250,300,400,580,760,5100,5500,5500,4228,631,89,146.60344986307143,1.8685000013647368,5490.765586000634,499.95529801324506
1787344930,40,,Aggregated,4.800000,1.300000,89,150,240,250,300,400,580,760,5100,5500,5500,4235,632,89,146.57545377309762,1.8685000013647368,5490.765586000634,499.94805194805195
1787344931,40,,Aggregated,4.800000,1.300000,89,150,240,250,300,400,580,760,5100,5500,5500,4240,633,89,146.56104103279912,1.8685000013647368,5490.765586000634,499.92735849056606
1787344932,40,,Aggregated,4.800000,1.300000,89,150,240,250,300,400,580,760,5100,5500,5500,4245,634,89,146.54233519342057,1.8685000013647368,5490.765586000634,499.89681978798586
1787344933,40,,Aggregated,5.000000,1.300000,89,150,240,250,300,400,580,760,5100,5500,5500,4253,636,89,146.62546422597524,1.8685000013647368,5490.765586000634,499.59322830942864
1787344934,40,,Aggregated,4.900000,1.100000,89,150,240,250,300,400,580,760,5100,5500,5500,4261,638,89,146.61411475688183,1.8685000013647368,5490.765586000634,498.8237502933584
1787344935,40,,Aggregated,5.200000,1.200000,89,150,240,260,300,400,580,760,5100,5500,5500,4264,638,89,146.6603650084596,1.8685000013647368,5490.765586000634,499.2066135084428
1787344936,40,,Aggregated,6.000000,1.400000,89,150,240,260,300,400,580,760,5100,5500,5500,4269,639,89,146.5896373223403,1.8685000013647368,5490.765586000634,499.18435230733195
1787344937,40,,Aggregated,5.900000,1.000000,89,150,240,260,300,400,580,760,5100,5500,5500,4272,639,89,146.54696050329383,1.8685000013647368,5490.765586000634,499.563436329588
1787344938,40,,Aggregated,5.300000,1.000000,89,150,240,260,300,400,580,760,5100,5500,5500,4279,640,89,146.50309009583256,1.8685000013647368,5490.765586000634,499.5653189997663
1787344939,40,,Aggregated,5.000000,0.900000,89,150,240,250,300,390,580,760,5100,5500,5500,4286,641,89,146.3997914477524,1.8685000013647368,5490.765586000634,499.33504433037797
1787344940,40,,Aggregated,4.700000,0.800000,89,150,240,250,300,390,580,760,5100,5500,5500,4290,641,89,146.30842087670487,1.8685000013647368,5490.765586000634,499.3843822843823
1787344941,40,,Aggregated,5.300000,0.900000,89,150,240,250,300,390,580,760,5100,5500,5500,4296,641,89,146.18748557240653,1.8685000013647368,5490.765586000634,499.68924581005587
1787344942,40,,Aggregated,5.800000,1.000000,89,150,240,250,300,390,580,740,5100,5500,5500,4301,642,89,146.16713096211532,1.8685000013647368,5490.765586000634,499.6700767263427
1787344943,40,,Aggregated,5.800000,1.000000,89,150,240,250,300,390,580,740,5100,5500,5500,4301,642,89,146.16713096211532,1.8685000013647368,5490.765586000634,499.6700767263427
1787344944,40,,Aggregated,5.400000,0.800000,89,150,240,250,300,390,580,740,5100,5500,5500,4302,642,89,146.16351228522942,1.8685000013647368,5490.765586000634,499.79823337982333
1787344945,40,,Aggregated,5.600000,0.800000,89,150,240,250,300,390,580,740,5100,5500,5500,4311,644,89,146.13115340084818,1.8685000013647368,5490.765586000634,499.4006031083275
1787344947,40,,Aggregated,5.600000,0.800000,89,150,240,250,300,390,580,740,5100,5500,5500,4311,644,89,146.13115340084818,1.8685000013647368,5490.765586000634,499.4006031083275
1787344948,40,,Aggregated,4.100000,0.400000,89,150,240,250,300,390,580,740,5100,5500,5500,4314,644,89,146.05490023228083,1.8685000013647368,5490.765586000634,499.32313398238296
1787344949,40,,Aggregated,4.600000,0.600000,89,150,240,250,300,390,580,740,5100,5500,5500,4316,644,89,146.03666690246968,1.8685000013647368,5490.765586000634,499.57993512511587
1787344950,40,,Aggregated,4.200000,0.500000,88,150,240,250,300,390,580,740,5100,5500,5500,4319,644,88,145.98008703265975,1.8685000013647368,5490.765586000634,499.9650382032878
1787344951,40,,Aggregated,4.200000,0.500000,89,150,240,250,300,390,580,740,5100,5500,5500,4330,646,88,145.8655129085574,1.8685000013647368,5490.765586000634,499.8203233256351
1787344952,40,,Aggregated,3.700000,0.400000,89,150,240,250,300,390,580,740,5100,5500,5500,4334,647,88,145.8704446474508,1.8685000013647368,5490.765586000634,499.4723119520074
1787344953,40,,Aggregated,3.300000,0.300000,89,150,240,260,300,400,590,760,5100,5500,5500,4348,650,89,146.5046361690557,1.8685000013647368,5490.765586000634,499.26034958601656
1787344954,40,,Aggregated,4.000000,0.500000,89,150,240,260,300,400,580,760,5100,5500,5500,4352,651,89,146.47388178333003,1.8685000013647368,5490.765586000634,499.11534926470586
1787344955,40,,Aggregated,3.800000,0.600000,89,150,240,260,300,400,580,760,5100,5500,5500,4356,652,89,146.50938297292257,1.8685000013647368,5490.765586000634,498.97199265381084
1787344956,40,,Aggregated,4.700000,0.800000,89,150,240,260,300,400,580,760,5100,5500,5500,4357,652,89,146.50451829929992,1.8685000013647368,5490.765586000634,499.0945604773927
1787344957,40,,Aggregated,5.100000,0.900000,89,150,240,260,300,400,580,760,5100,5500,5500,4361,652,89,146.44333257396147,1.8685000013647368,5490.765586000634,499.5927539555148
1787344958,40,,Aggregated,5.400000,1.000000,89,150,240,260,300,400,580,760,5100,5500,5500,4366,653,88,146.41300109277302,1.8685000013647368,5490.765586000634,499.34906092533214
1787344959,40,,Aggregated,4.600000,0.800000,88,150,240,260,300,400,580,760,5100,5500,5500,4371,653,88,146.32810546329225,1.8685000013647368,5490.765586000634,499.7407915808739
1787344960,40,,Aggregated,5.200000,0.900000,88,150,240,260,300,400,580,760,5100,5500,5500,4373,653,88,146.2838043057514,1.8685000013647368,5490.765586000634,499.75828950377314
1787344961,40,,Aggregated,5.500000,0.900000,88,150,240,260,300,400,580,760,5100,5500,5500,4380,654,88,146.21077138060477,1.8685000013647368,5490.765586000634,499.9860730593607
1787344962,40,,Aggregated,5.300000,0.900000,88,150,240,250,300,400,580,760,5100,5500,5500,4383,654,88,146.16895855716373,1.8685000013647368,5490.765586000634,500.3586584531143
1787344963,40,,Aggregated,5.300000,0.900000,88,150,240,250,300,400,580,760,5100,5500,5500,4386,654,88,146.12828844187152,1.8685000013647368,5490.765586000634,500.734154126767
1787344964,40,,Aggregated,4.800000,0.700000,88,150,240,250,300,400,580,760,5100,5500,5500,4393,655,88,146.04909384772358,1.8685000013647368,5490.765586000634,500.7423173230139
1787344965,40,,Aggregated,4.800000,0.700000,88,150,240,250,300,400,580,760,5100,5500,5500,4397,655,88,146.0880424582781,1.8685000013647368,5490.765586000634,501.008414828292
1787344966,40,,Aggregated,3.800000,0.400000,88,150,240,250,300,400,580,760,5100,5500,5500,4398,655,88,146.1061847483058,1.8685000013647368,5490.765586000634,501.1355161437017
1787344967,40,,Aggregated,3.800000,0.300000,88,150,240,250,300,400,580,760,5100,5500,5500,4403,656,88,146.03866215785797,1.8685000013647368,5490.765586000634,501.1094708153532
1787344968,40,,Aggregated,4.100000,0.300000,88,150,240,250,300,400,580,760,5100,5500,5500,4407,657,88,145.99325069549568,1.8685000013647368,5490.765586000634,500.9627864760608
1787344969,40,,Aggregated,4.100000,0.300000,88,150,240,250,300,400,580,760,5100,5500,5500,4408,657,88,145.98222350999276,1.8685000013647368,5490.765586000634,501.0821234119782
1787344970,40,,Aggregated,4.100000,0.400000,88,150,240,250,300,400,580,760,5100,5500,5500,4416,659,88,145.93545755549184,1.8685000013647368,5490.765586000634,500.7848731884058
1787344971,40,,Aggregated,4.100000,0.400000,88,150,240,250,300,390,580,760,5100,5500,5500,4422,660,88,145.96243430145907,1.8685000013647368,5490.765586000634,500.88082315694254
1787344972,40,,Aggregated,3.700000,0.400000,88,150,240,250,300,390,580,760,5100,5500,5500,4427,661,88,145.92389839395815,1.8685000013647368,5490.765586000634,500.6379037723063
1787344973,40,,Aggregated,4.100000,0.500000,88,150,240,250,300,390,580,760,5100,5500,5500,4435,662,88,145.81850380068815,1.8685000013647368,5490.765586000634,500.5355129650507
1787344974,40,,Aggregated,4.400000,0.600000,88,150,240,250,300,390,580,760,5100,5500,5500,4439,662,88,145.75534108223746,1.8685000013647368,5490.765586000634,501.0274836674927
1787344975,40,,Aggregated,4.500000,0.700000,88,150,240,250,300,390,580,760,5100,5500,5500,4442,663,88,145.7200947917715,1.8685000013647368,5490.765586000634,500.75934263845113
1787344976,40,,Aggregated,4.900000,0.800000,88,150,240,250,300,390,580,760,5100,5500,5500,4450,665,88,145.68220844180829,1.8685000013647368,5490.765586000634,500.46921348314606
1787344977,40,,Aggregated,4.900000,0.800000,88,150,240,250,300,390,580,760,5100,5500,5500,4457,666,88,145.69509033184744,1.8685000013647368,5490.765586000634,500.69396455014584
1787344978,40,,Aggregated,4.900000,0.900000,88,150,240,250,300,390,580,760,5100,5500,5500,4460,666,88,145.6463069845386,1.8685000013647368,5490.765586000634,500.8372197309417
1787344979,40,,Aggregated,5.400000,1.000000,88,150,240,250,300,390,580,760,5100,5500,5500,4467,667,88,145.5833110832868,1.8685000013647368,5490.765586000634,500.62256548018803
1787344980,40,,Aggregated,5.200000,0.900000,88,150,240,250,300,390,580,760,5100,5500,5500,4475,668,88,145.44673801341708,1.8685000013647368,5490.765586000634,500.29162011173185
1787344981,40,,Aggregated,5.200000,0.900000,88,150,240,250,300,390,580,760,5100,5500,5500,4479,668,88,145.36999139161418,1.8685000013647368,5490.765586000634,500.5626255860683
1787344982,40,,Aggregated,6.000000,1.000000,88,150,240,250,300,390,580,760,5100,5500,5500,4481,668,88,145.33680675475145,1.8685000013647368,5490.765586000634,500.8091943762553
1787344983,40,,Aggregated,5.700000,0.800000,88,150,240,250,300,390,580,760,5100,5500,5500,4486,669,88,145.3204982692913,1.8685000013647368,5490.765586000634,500.7868925546144
1787344984,40,,Aggregated,5.300000,0.700000,88,150,240,250,300,390,580,760,5100,5500,5500,4487,669,88,145.31182881703592,1.8685000013647368,5490.765586000634,500.9092935145977
1787344985,40,,Aggregated,5.300000,0.700000,88,150,240,250,300,390,580,760,5100,5500,5500,4490,670,88,145.27302250936302,1.8685000013647368,5490.765586000634,500.6436525612472
1787344986,40,,Aggregated,4.700000,0.700000,88,150,240,250,300,390,580,760,5100,5500,5500,4498,672,88,145.33161543731427,1.8685000013647368,5490.765586000634,500.359493108048
1787344987,40,,Aggregated,4.700000,0.700000,88,150,240,250,300,390,580,750,5100,5500,5500,4505,673,88,145.40807790167307,1.8685000013647368,5490.765586000634,500.58512763596
1787344988,40,,Aggregated,4.600000,0.700000,88,150,240,250,300,390,580,750,5100,5500,5500,4506,673,88,145.40527032224534,1.8685000013647368,5490.765586000634,500.7077230359521
1787344989,40,,Aggregated,4.800000,0.700000,88,150,240,250,300,390,580,750,5100,5500,5500,4511,673,88,145.31200320284563,1.8685000013647368,5490.765586000634,501.09554422522723
1787344990,40,,Aggregated,4.600000,0.700000,88,140,240,250,300,390,580,750,5100,5500,5500,4518,673,88,145.15581629748502,1.8685000013647368,5490.765586000634,501.049579459938
1787344991,40,,Aggregated,4.600000,0.700000,88,140,240,250,300,390,580,750,5100,5500,5500,4521,674,88,145.12112716368858,1.8685000013647368,5490.765586000634,500.7878787878788
1787344992,40,,Aggregated,4.300000,0.500000,88,140,240,250,300,390,580,750,5100,5500,5500,4530,676,88,145.05758310133174,1.8685000013647368,5490.765586000634,500.3986754966887
1787344993,40,,Aggregated,4.200000,0.600000,88,140,240,250,300,390,580,750,5100,5500,5500,4537,677,88,145.00170771656065,1.8685000013647368,5490.765586000634,500.6233193740357
1787344994,40,,Aggregated,4.600000,0.700000,88,140,240,250,300,390,580,750,5100,5500,5500,4542,677,88,144.90652035491806,1.8685000013647368,5490.765586000634,500.7870981946279
1787344995,40,,Aggregated,4.600000,0.700000,88,140,240,250,300,390,580,750,5100,5500,5500,4547,678,88,144.99665500946531,1.8685000013647368,5490.765586000634,500.7644600835716
1787344996,40,,Aggregated,5.500000,0.800000,88,140,240,250,300,390,580,750,5100,5500,5500,4553,679,88,144.9237921504589,1.8685000013647368,5490.765586000634,500.64858335163626
1787344997,40,,Aggregated,5.700000,0.800000,88,140,240,250,300,390,580,750,5100,5500,5500,4559,679,88,144.8614642733136,1.8685000013647368,5490.765586000634,501.3634568984426
1787344998,40,,Aggregated,5.700000,0.800000,88,140,240,250,300,390,580,750,5100,5500,5500,4561,679,88,144.8260923036698,1.8685000013647368,5490.765586000634,501.38851129138345
1787344999,40,,Aggregated,5.300000,0.600000,88,140,240,250,300,390,580,750,5100,5500,5500,4566,680,88,144.75180682348636,1.8685000013647368,5490.765586000634,501.15067893123086
1787345000,40,,Aggregated,5.600000,0.600000,88,140,240,250,300,390,580,750,5100,5500,5500,4571,680,88,144.6420993303521,1.8685000013647368,5490.765586000634,501.3139356814701
1787345001,40,,Aggregated,5.600000,0.600000,88,140,240,250,300,390,580,750,5100,5500,5500,4573,680,88,144.61951865078504,1.8685000013647368,5490.765586000634,501.5521539470807
1787345002,40,,Aggregated,5.300000,0.700000,88,140,240,250,300,390,580,750,5100,5500,5500,4578,680,88,144.54560610507693,1.8685000013647368,5490.765586000634,501.93490607252073
1787345003,40,,Aggregated,5.300000,0.700000,88,140,240,250,300,390,580,750,5100,5500,5500,4581,680,88,144.48984506658877,1.8685000013647368,5490.765586000634,502.0774939969439
1787345004,40,,Aggregated,5.200000,0.600000,88,140,240,250,300,390,580,750,5100,5500,5500,4584,680,88,144.45928514028003,1.8685000013647368,5490.765586000634,502.4349912739965
1787345005,40,,Aggregated,4.600000,0.300000,88,140,240,250,300,390,580,750,5100,5500,5500,4586,680,88,144.44742500720514,1.8685000013647368,5490.765586000634,502.4552987352813
1787345006,40,,Aggregated,4.300000,0.300000,88,140,240,250,300,390,580,750,5100,5500,5500,4598,682,88,144.3870645935277,1.8685000013647368,5490.765586000634,502.64832535885165
1787345007,40,,Aggregated,3.700000,0.200000,88,140,240,250,300,390,580,750,5100,5500,5500,4600,682,88,144.34425714674768,1.8685000013647368,5490.765586000634,502.6665217391304
1787345008,40,,Aggregated,4.400000,0.400000,88,140,240,250,300,390,570,750,5100,5500,5500,4604,682,88,144.29390448545652,1.8685000013647368,5490.765586000634,502.9341876629018
1787345009,40,,Aggregated,4.400000,0.400000,88,140,240,250,300,390,570,750,5100,5500,5500,4608,683,88,144.2805883250957,1.8685000013647368,5490.765586000634,502.57921006944446
1787345010,40,,Aggregated,4.200000,0.300000,88,140,240,250,300,390,570,750,5100,5500,5500,4613,684,88,144.22062477455955,1.8685000013647368,5490.765586000634,502.33123780619985
1787345011,40,,Aggregated,4.300000,0.300000,88,140,240,250,300,390,570,750,5100,5500,5500,4617,684,88,144.1391596822704,1.8685000013647368,5490.765586000634,502.3751353692874
1787345012,40,,Aggregated,4.000000,0.300000,88,140,240,250,300,390,570,750,5100,5500,5500,4622,685,88,144.12268897923886,1.8685000013647368,5490.765586000634,502.3507139766335
1787345013,40,,Aggregated,4.100000,0.400000,88,140,240,250,300,390,570,750,5100,5500,5500,4627,685,88,144.05229652108068,1.8685000013647368,5490.765586000634,502.7240112383834
1787345014,40,,Aggregated,4.200000,0.400000,88,140,240,250,300,390,570,750,5100,5500,5500,4633,686,88,144.01883674272403,1.8685000013647368,5490.765586000634,502.60349665443556
1787345015,40,,Aggregated,4.400000,0.500000,88,140,240,250,300,390,570,750,5100,5500,5500,4640,687,88,144.07203166401717,1.8685000013647368,5490.765586000634,502.8163793103448
1787345016,40,,Aggregated,4.500000,0.500000,88,140,240,250,300,390,570,750,5100,5500,5500,4646,688,88,144.029975392174,1.8685000013647368,5490.765586000634,502.6874730951356
1787345017,40,,Aggregated,5.100000,0.600000,88,140,240,250,300,390,570,750,5100,5500,5500,4649,688,88,144.07943332029237,1.8685000013647368,5490.765586000634,503.04495590449557
1787345018,40,,Aggregated,4.700000,0.500000,88,140,240,250,300,390,570,750,5100,5500,5500,4656,689,88,143.97954670576448,1.8685000013647368,5490.765586000634,503.044029209622
1787345019,40,,Aggregated,4.900000,0.600000,88,140,240,250,300,390,570,750,5100,5500,5500,4670,692,88,144.20649150643328,1.8685000013647368,5490.765586000634,502.6394004282655
1787345020,40,,Aggregated,4.700000,0.600000,88,140,240,250,300,390,570,750,5100,5500,5500,4675,693,88,144.1721776299558,1.8685000013647368,5490.765586000634,502.61711229946525
1787345021,40,,Aggregated,5.100000,0.700000,88,140,240,250,300,390,570,750,5100,5500,5500,4676,693,88,144.16313956972715,1.8685000013647368,5490.765586000634,502.7360992301112
1787345022,40,,Aggregated,6.300000,0.900000,88,140,240,250,300,390,570,750,5100,5500,5500,4685,695,88,144.25405089883523,1.8685000013647368,5490.765586000634,502.36606189967983
1787345023,40,,Aggregated,6.100000,0.900000,88,140,240,250,300,390,570,750,5100,5500,5500,4688,695,88,144.1994277770995,1.8685000013647368,5490.765586000634,502.5029863481229
1787345024,40,,Aggregated,5.900000,0.900000,88,140,240,250,300,390,570,750,5100,5500,5500,4695,696,88,144.15955919447143,1.8685000013647368,5490.765586000634,502.50202342918
1787345025,40,,Aggregated,6.000000,1.000000,88,140,240,250,300,390,570,740,5100,5500,5500,4701,696,88,144.09742921783499,1.8685000013647368,5490.765586000634,502.7730270155286
1787345026,40,,Aggregated,6.100000,1.000000,88,140,240,250,300,390,570,740,5100,5500,5500,4705,697,88,144.03588921424918,1.8685000013647368,5490.765586000634,502.4252922422954
1787345027,40,,Aggregated,6.400000,1.000000,88,140,240,250,300,390,570,740,5100,5500,5500,4706,697,88,144.00890691904866,1.8685000013647368,5490.765586000634,502.33404164895876
1787345028,40,,Aggregated,6.100000,0.900000,88,140,240,250,300,390,570,740,5100,5500,5500,4714,699,88,144.00776925160017,1.8685000013647368,5490.765586000634,502.0572761985575
1787345029,40,,Aggregated,5.700000,0.900000,88,140,240,250,300,390,570,740,5100,5500,5500,4716,699,88,143.9826202913574,1.8685000013647368,5490.765586000634,502.29007633587787
1787345030,40,,Aggregated,5.600000,0.900000,88,140,240,250,300,390,570,740,5100,5500,5500,4724,700,88,143.89344756436066,1.8685000013647368,5490.765586000634,502.1917866215072
1787345031,40,,Aggregated,5.600000,0.900000,88,140,240,250,300,390,570,740,5100,5500,5500,4727,700,88,143.89731238143432,1.8685000013647368,5490.765586000634,502.53585783795216
1787345032,40,,Aggregated,4.700000,0.800000,88,140,240,250,300,390,570,740,5100,5500,5500,4734,701,88,143.90757338805233,1.8685000013647368,5490.765586000634,502.32256020278834
1787345033,40,,Aggregated,5.000000,0.700000,88,140,240,250,300,390,570,740,5100,5500,5500,4739,702,88,143.858797461499,1.8685000013647368,5490.765586000634,502.29921924456636
1787345034,40,,Aggregated,5.000000,0.700000,88,140,240,250,300,390,570,740,5100,5500,5500,4739,702,88,143.858797461499,1.8685000013647368,5490.765586000634,502.29921924456636
1787345035,40,,Aggregated,5.300000,0.700000,88,140,240,250,300,390,580,750,5100,5500,5500,4750,704,88,144.32622479074533,1.8685000013647368,5490.765586000634,502.1677894736842
1787345036,40,,Aggregated,4.900000,0.700000,88,140,240,250,300,390,570,750,5100,5500,5500,4754,704,88,144.28674105301658,1.8685000013647368,5490.765586000634,502.62095077829196
1787345037,40,,Aggregated,4.600000,0.700000,88,140,240,250,300,390,570,750,5100,5500,5500,4760,705,88,144.2391077046307,1.8685000013647368,5490.765586000634,502.71386554621847
1787345038,40,,Aggregated,5.000000,0.800000,88,140,240,250,300,390,570,750,5100,5500,5500,4763,705,88,144.2134006506493,1.8685000013647368,5490.765586000634,502.84946462313667
1787345039,40,,Aggregated,5.100000,0.700000,88,140,240,250,300,390,570,750,5100,5500,5500,4766,705,88,144.18309185880014,1.8685000013647368,5490.765586000634,503.19911875786823
1787345040,40,,Aggregated,5.500000,0.800000,88,140,240,250,300,390,570,750,5100,5500,5500,4776,707,88,144.2228101551594,1.8685000013647368,5490.765586000634,502.94681742043554
1787345041,40,,Aggregated,4.900000,0.600000,88,140,240,250,300,390,570,750,5100,5500,5500,4781,707,88,144.26362426125092,1.8685000013647368,5490.765586000634,503.51788328801507
1787345042,40,,Aggregated,4.800000,0.500000,88,140,240,250,300,390,570,750,5100,5500,5500,4785,708,88,144.27001356886925,1.8685000013647368,5490.765586000634,503.37763845350054
1787345043,40,,Aggregated,5.200000,0.700000,88,140,240,250,300,390,570,750,5100,5500,5500,4792,708,88,144.2759553620699,1.8685000013647368,5490.765586000634,504.1815525876461
1787345044,40,,Aggregated,5.600000,0.800000,88,140,240,250,300,390,570,750,5100,5500,5500,4795,708,88,144.3843123941686,1.8685000013647368,5490.765586000634,504.52346193952036
1787345045,40,,Aggregated,5.000000,0.600000,88,140,240,250,300,390,570,750,5100,5500,5500,4800,708,88,144.38551553229917,1.8685000013647368,5490.765586000634,505.09125
1787345046,40,,Aggregated,5.300000,0.600000,88,140,240,250,300,390,570,740,5100,5500,5500,4805,709,88,144.42689389782225,1.8685000013647368,5490.765586000634,504.6503642039542
1787345047,40,,Aggregated,5.300000,0.500000,88,140,240,250,300,400,570,740,5100,5500,5500,4815,711,88,144.40528420997708,1.8685000013647368,5490.765586000634,504.60456905503634
1787345048,40,,Aggregated,4.800000,0.400000,88,140,240,250,300,390,570,740,5100,5500,5500,4821,712,88,144.36933566107473,1.8685000013647368,5490.765586000634,504.4857913295997
1787345049,40,,Aggregated,5.200000,0.600000,88,140,240,250,300,390,570,740,5100,5500,5500,4824,712,88,144.3359991044864,1.8685000013647368,5490.765586000634,504.8273217247098
1787345050,40,,Aggregated,5.400000,0.600000,88,150,240,250,300,390,570,740,5100,5500,5500,4829,712,88,144.31321868151636,1.8685000013647368,5490.765586000634,505.18326775729963
1787345051,40,,Aggregated,5.800000,0.700000,88,140,240,250,300,390,570,740,5100,5500,5500,4831,712,88,144.25608865763664,1.8685000013647368,5490.765586000634,504.98654522873113
1787345052,40,,Aggregated,5.700000,0.700000,88,140,240,250,300,390,570,740,5100,5500,5500,4833,712,88,144.2397792116786,1.8685000013647368,5490.765586000634,505.21104903786465
1787345053,40,,Aggregated,5.200000,0.500000,88,150,240,250,300,390,570,740,5100,5500,5500,4844,714,88,144.26220555739943,1.8685000013647368,5490.765586000634,505.06564822460774
1787345054,40,,Aggregated,4.800000,0.400000,88,140,240,250,300,390,570,740,5100,5500,5500,4846,714,88,144.23590246513464,1.8685000013647368,5490.765586000634,505.2876599257119
1787345055,40,,Aggregated,4.600000,0.400000,88,140,240,250,300,390,570,740,5100,5500,5500,4847,714,88,144.2329638118512,1.8685000013647368,5490.765586000634,505.4012791417372
1787345056,40,,Aggregated,5.300000,0.600000,88,140,240,250,300,390,570,740,5100,5500,5500,4852,715,88,144.1829724880546,1.8685000013647368,5490.765586000634,505.37530915086563
1787345057,40,,Aggregated,4.800000,0.600000,88,140,240,250,300,390,570,740,5100,5500,5500,4856,715,88,144.12897841413513,1.8685000013647368,5490.765586000634,505.61799835255357
1787345058,40,,Aggregated,4.800000,0.600000,88,140,240,250,300,390,570,740,5100,5500,5500,4857,715,88,144.12016352070006,1.8685000013647368,5490.765586000634,505.72966851966237
1787345059,40,,Aggregated,4.600000,0.500000,88,140,240,250,300,390,570,740,5100,5500,5500,4863,716,88,144.04688031483423,1.8685000013647368,5490.765586000634,505.81122763726097
1787345060,40,,Aggregated,4.100000,0.400000,88,140,240,250,300,390,570,740,5100,5500,5500,4865,716,88,144.04198282220747,1.8685000013647368,5490.765586000634,506.0351490236382
1787345061,40,,Aggregated,3.800000,0.400000,89,140,240,250,300,390,570,740,5100,5500,5500,4874,717,88,144.0722503020186,1.8685000013647368,5490.765586000634,506.2556421830119
1787345062,40,,Aggregated,3.900000,0.400000,88,140,240,250,300,390,570,740,5100,5500,5500,4877,718,88,144.04526761944615,1.8685000013647368,5490.765586000634,506.00820176337913
1787345063,40,,Aggregated,3.600000,0.400000,89,150,240,250,300,390,570,740,5100,5500,5500,4885,720,89,144.07634532897436,1.8685000013647368,5490.765586000634,505.5572159672467
1787345064,40,,Aggregated,4.200000,0.500000,88,140,240,250,300,390,570,740,5100,5500,5500,4893,722,88,143.9940547839863,1.8685000013647368,5490.765586000634,505.2519926425506
1787345065,40,,Aggregated,4.300000,0.600000,88,140,240,250,300,390,570,740,5100,5500,5500,4899,722,88,143.96582327537104,1.8685000013647368,5490.765586000634,505.5092876097163
1787345066,40,,Aggregated,4.400000,0.700000,89,150,240,250,300,390,570,740,5100,5500,5500,4911,724,89,143.96263428569415,1.8685000013647368,5490.765586000634,505.68153125636326
1787345067,40,,Aggregated,4.800000,0.800000,89,140,240,250,300,390,570,740,5100,5500,5500,4913,724,89,143.9230776039169,1.8685000013647368,5490.765586000634,505.6895990230002
1787345068,40,,Aggregated,5.700000,0.900000,89,140,240,250,300,390,570,740,5100,5500,5500,4919,725,89,143.86554506689248,1.8685000013647368,5490.765586000634,505.3966253303517
1787345069,40,,Aggregated,5.800000,0.900000,88,140,240,250,300,390,570,740,5100,5500,5500,4923,726,88,143.7682635116891,1.8685000013647368,5490.765586000634,505.23400365630715
1787345070,40,,Aggregated,5.800000,0.900000,88,140,240,250,300,390,570,740,5100,5500,5500,4924,726,88,143.75695427519176,1.8685000013647368,5490.765586000634,505.34362307067425
1787345071,40,,Aggregated,6.200000,1.000000,88,140,240,250,300,390,570,740,5100,5500,5500,4927,727,88,143.73242269150438,1.8685000013647368,5490.765586000634,505.0992490359245
1787345072,40,,Aggregated,6.000000,1.000000,88,140,240,250,300,390,570,740,5100,5500,5500,4934,729,88,143.76095949311807,1.8685000013647368,5490.765586000634,504.72355087150385
1787345073,40,,Aggregated,5.900000,1.000000,88,140,240,250,300,390,570,740,5100,5500,5500,4939,729,88,143.7514617446941,1.8685000013647368,5490.765586000634,505.26969022069244
1787345074,40,,Aggregated,5.700000,1.100000,88,140,240,250,300,390,570,740,5100,5500,5500,4940,730,88,143.72621491539343,1.8685000013647368,5490.765586000634,505.1736842105263
1787345075,40,,Aggregated,5.800000,1.100000,88,140,240,250,300,390,570,740,5100,5500,5500,4947,731,88,143.8948602213549,1.8685000013647368,5490.765586000634,505.1677784515868
1787345076,40,,Aggregated,5.000000,0.800000,88,140,240,250,300,390,570,740,5100,5500,5500,4951,731,88,143.835683838223,1.8685000013647368,5490.765586000634,505.21228034740454
1787345077,40,,Aggregated,5.100000,0.900000,89,140,240,250,300,390,570,740,5100,5500,5500,4952,731,88,143.825699964669,1.8685000013647368,5490.765586000634,505.32209208400644
1787345078,40,,Aggregated,4.300000,0.800000,88,140,240,250,300,390,570,740,5100,5500,5500,4956,732,88,143.78300241627127,1.8685000013647368,5490.765586000634,505.18866020984666
1787345079,40,,Aggregated,3.900000,0.700000,89,150,240,250,300,390,570,740,5100,5500,5500,4971,736,89,143.86599555281487,1.8685000013647368,5490.765586000634,504.3387648360491
1787345080,40,,Aggregated,3.800000,0.700000,89,140,240,250,300,390,570,740,5100,5500,5500,4975,736,89,143.78632286794857,1.8685000013647368,5490.765586000634,504.37849246231156
1787345081,40,,Aggregated,3.400000,0.600000,89,140,240,250,300,390,570,740,5100,5500,5500,4980,736,89,143.71544582892466,1.8685000013647368,5490.765586000634,504.71666666666664
1787345082,40,,Aggregated,4.900000,1.000000,89,140,240,250,300,390,570,740,5100,5500,5500,4984,736,88,143.65532394924637,1.8685000013647368,5490.765586000634,504.95144462279296
1787345083,40,,Aggregated,5.100000,1.000000,89,140,240,250,300,390,570,740,5100,5500,5500,4990,737,88,143.6371001797683,1.8685000013647368,5490.765586000634,505.0390781563126
1787345084,40,,Aggregated,4.900000,0.800000,88,140,240,250,300,390,570,740,5100,5500,5500,4996,737,88,143.58689034188225,1.8685000013647368,5490.765586000634,505.2884307445957
1787345085,40,,Aggregated,4.900000,0.700000,88,140,240,250,300,390,570,740,5000,5500,5500,5001,738,88,143.51584356929447,1.8685000013647368,5490.765586000634,505.06678664267145
1787345086,40,,Aggregated,5.100000,0.800000,88,140,240,250,300,390,570,740,5000,5500,5500,5006,739,88,143.50578725210568,1.8685000013647368,5490.765586000634,505.0375549340791
1787345087,40,,Aggregated,5.200000,0.600000,88,140,240,250,300,390,570,740,5000,5500,5500,5011,740,88,143.4378105468051,1.8685000013647368,5490.765586000634,504.81680303332666
1787345088,40,,Aggregated,5.300000,0.700000,88,140,240,250,300,390,570,740,5000,5500,5500,5014,740,88,143.41625298844053,1.8685000013647368,5490.765586000634,505.14220183486236
1787345090,40,,Aggregated,5.500000,0.800000,88,140,240,250,300,390,570,740,5000,5500,5500,5017,740,88,143.36107699323125,1.8685000013647368,5490.765586000634,505.07394857484553
1787345091,40,,Aggregated,5.900000,0.900000,88,140,240,250,300,390,570,740,5000,5500,5500,5022,741,88,143.3612553066587,1.8685000013647368,5490.765586000634,505.04639585822383
1787345092,40,,Aggregated,5.800000,0.800000,88,140,240,250,300,390,570,740,5000,5500,5500,5024,741,88,143.34761219984875,1.8685000013647368,5490.765586000634,505.26393312101914
1787345093,40,,Aggregated,4.500000,0.400000,88,140,240,250,300,390,570,740,5000,5500,5500,5032,742,88,143.2549149079964,1.8685000013647368,5490.765586000634,505.3610890302067
1787345094,40,,Aggregated,4.700000,0.500000,88,140,240,250,300,390,570,740,5000,5500,5500,5038,743,88,143.23434892835175,1.8685000013647368,5490.765586000634,505.25009924573243
1787345095,40,,Aggregated,4.400000,0.500000,88,140,240,250,300,390,570,740,5000,5500,5500,5039,743,88,143.2372296142162,1.8685000013647368,5490.765586000634,505.3552292121453
1787345096,40,,Aggregated,4.800000,0.600000,88,140,240,250,300,390,570,740,5000,5500,5500,5051,746,88,143.24501737854612,1.8685000013647368,5490.765586000634,504.7594535735498
1787345097,40,,Aggregated,4.800000,0.600000,88,140,240,250,300,390,570,740,5000,5500,5500,5053,746,88,143.21393107817855,1.8685000013647368,5490.765586000634,504.97724124282604
1787345098,40,,Aggregated,4.200000,0.600000,88,140,240,250,300,390,570,740,5000,5500,5500,5057,747,88,143.18418405774878,1.8685000013647368,5490.765586000634,504.84734032034805
1787345099,40,,Aggregated,4.600000,0.700000,88,140,240,250,300,390,570,740,5000,5500,5500,5067,749,88,143.1616332542005,1.8685000013647368,5490.765586000634,504.604697059404
1787345100,40,,Aggregated,4.700000,0.700000,88,140,240,250,300,390,570,740,5000,5500,5500,5070,749,88,143.11204405621933,1.8685000013647368,5490.765586000634,504.7355029585799
1787345101,40,,Aggregated,5.300000,0.900000,88,140,240,250,300,390,570,740,5000,5500,5500,5071,749,88,143.10832337291086,1.8685000013647368,5490.765586000634,504.84283178860187
1787345102,40,,Aggregated,5.300000,0.900000,88,140,240,250,300,390,570,740,5000,5500,5500,5077,750,88,143.07469558617947,1.8685000013647368,5490.765586000634,504.736458538507
1787345103,40,,Aggregated,5.300000,0.900000,88,140,240,250,300,390,570,740,5000,5500,5500,5085,752,88,143.0857387968605,1.8685000013647368,5490.765586000634,504.4723697148476
1787345104,40,,Aggregated,4.800000,0.800000,88,140,240,250,300,390,570,740,5000,5500,5500,5089,752,88,143.05055389703998,1.8685000013647368,5490.765586000634,504.899980349774
1787345105,40,,Aggregated,5.300000,0.900000,89,140,240,250,300,390,570,740,5000,5500,5500,5091,752,89,143.07897235121519,1.8685000013647368,5490.765586000634,505.11314083677075
1787345106,40,,Aggregated,5.300000,1.000000,89,140,240,250,300,390,570,740,5000,5500,5500,5094,752,89,143.09435468021903,1.8685000013647368,5490.765586000634,505.43207695327834
1787345107,40,,Aggregated,5.200000,0.900000,89,140,240,250,300,390,570,740,5000,5500,5500,5100,752,89,143.05210958157568,1.8685000013647368,5490.765586000634,505.49117647058824
1787345108,40,,Aggregated,5.200000,0.900000,89,140,240,250,300,390,570,740,5000,5500,5500,5103,753,89,143.03287798668165,1.8685000013647368,5490.765586000634,505.25671173819325
1787345109,40,,Aggregated,4.700000,0.700000,89,140,240,250,300,390,570,740,5000,5500,5500,5110,755,88,142.9981698859163,1.8685000013647368,5490.765586000634,504.8902152641879
1787345110,40,,Aggregated,4.500000,0.600000,89,140,240,250,300,390,570,740,5000,5500,5500,5118,756,89,143.15162264615728,1.8685000013647368,5490.765586000634,504.9994138335287
1787345111,40,,Aggregated,4.600000,0.600000,89,140,240,250,300,390,570,740,5000,5500,5500,5122,756,89,143.09287870871393,1.8685000013647368,5490.765586000634,505.2206169465053
1787345112,40,,Aggregated,4.300000,0.600000,89,140,240,250,300,390,570,740,5000,5500,5500,5129,758,89,143.04010179782287,1.8685000013647368,5490.765586000634,504.8541626047963
1787345113,40,,Aggregated,5.200000,0.700000,89,140,240,250,300,390,570,740,5000,5500,5500,5133,758,89,142.99747710813065,1.8685000013647368,5490.765586000634,505.08474576271186
1787345114,40,,Aggregated,5.200000,0.700000,89,140,240,250,300,390,570,740,5000,5500,5500,5135,758,89,142.97670264440808,1.8685000013647368,5490.765586000634,505.295423563778
1787345115,40,,Aggregated,4.700000,0.600000,89,140,240,250,300,390,570,740,5000,5500,5500,5142,759,89,143.09200671645925,1.8685000013647368,5490.765586000634,505.2874367950214
1787345116,40,,Aggregated,4.700000,0.600000,89,140,240,250,300,390,570,740,5000,5500,5500,5146,760,89,143.22387214886018,1.8685000013647368,5490.765586000634,505.15915273999224
1787345117,40,,Aggregated,5.000000,0.700000,89,140,240,250,300,390,570,740,5000,5500,5500,5158,763,89,143.27751986274436,1.8685000013647368,5490.765586000634,504.7749127568825
1787345118,40,,Aggregated,5.000000,0.700000,89,140,240,250,300,390,570,740,5000,5500,5500,5160,763,89,143.26870927675094,1.8685000013647368,5490.765586000634,504.9903100775194
1787345119,40,,Aggregated,5.200000,0.800000,89,140,240,250,300,390,570,740,5000,5500,5500,5166,764,89,143.18362486160152,1.8685000013647368,5490.765586000634,504.69647696476966
1787345120,40,,Aggregated,5.700000,1.000000,89,140,240,250,300,390,570,740,5000,5500,5500,5168,764,89,143.1625431813146,1.8685000013647368,5490.765586000634,504.9017027863777
1787345121,40,,Aggregated,5.600000,0.900000,89,140,240,250,300,390,570,740,5000,5500,5500,5173,764,89,143.0698101672207,1.8685000013647368,5490.765586000634,505.04639474192925
1787345122,40,,Aggregated,4.900000,0.800000,88,140,240,250,300,390,570,740,5000,5500,5500,5180,766,88,143.00857717896346,1.8685000013647368,5490.765586000634,504.48996138996137
1787345123,40,,Aggregated,4.900000,0.800000,88,140,240,250,300,390,570,740,5000,5500,5500,5185,767,88,143.04957769913784,1.8685000013647368,5490.765586000634,504.46499517839925
1787345124,40,,Aggregated,5.000000,0.800000,88,140,240,250,300,390,570,740,5000,5500,5500,5189,767,88,142.9762689734108,1.8685000013647368,5490.765586000634,504.50645596454035
1787345125,40,,Aggregated,5.300000,0.900000,88,140,240,250,300,400,570,740,5000,5500,5500,5196,769,88,143.27558723730357,1.8685000013647368,5490.765586000634,504.1474210931486
1787345126,40,,Aggregated,5.300000,0.900000,88,140,240,250,300,390,570,740,5000,5500,5500,5203,771,88,143.2616479742508,1.8685000013647368,5490.765586000634,503.6019604074572
1787345127,40,,Aggregated,4.900000,0.800000,88,140,240,250,300,390,570,740,5000,5500,5500,5206,771,88,143.2373317554797,1.8685000013647368,5490.765586000634,503.7189781021898
1787345128,40,,Aggregated,5.700000,1.100000,88,140,240,250,300,390,570,740,5000,5500,5500,5208,771,88,143.20793227458282,1.8685000013647368,5490.765586000634,503.7400153609831
1787345129,40,,Aggregated,5.700000,1.100000,88,140,240,250,300,390,570,740,5000,5500,5500,5213,771,88,143.12717447478033,1.8685000013647368,5490.765586000634,503.68923844235565
1787345130,40,,Aggregated,4.700000,0.800000,89,140,240,250,300,400,570,740,5000,5500,5500,5220,772,88,143.62494652720892,1.8685000013647368,5490.765586000634,503.4913793103448
1787345131,40,,Aggregated,4.700000,0.700000,89,140,240,250,300,400,570,740,5000,5500,5500,5227,772,89,143.64099271341672,1.8685000013647368,5490.765586000634,503.6516166060838
1787345132,40,,Aggregated,4.700000,0.700000,89,140,240,250,300,400,570,740,5000,5500,5500,5232,772,88,143.58286983066347,1.8685000013647368,5490.765586000634,503.97840214067276
1787345133,40,,Aggregated,4.700000,0.700000,88,140,240,250,300,400,570,740,5000,5500,5500,5236,772,88,143.5192960265531,1.8685000013647368,5490.765586000634,504.20225362872424
1787345134,40,,Aggregated,5.400000,0.800000,88,140,240,250,300,400,570,740,5000,5500,5500,5242,773,88,143.44268419229928,1.8685000013647368,5490.765586000634,504.28347958794353
1787345135,40,,Aggregated,5.100000,0.500000,88,140,240,250,300,400,570,740,5000,5500,5500,5249,775,88,143.40370785597943,1.8685000013647368,5490.765586000634,503.925128595923
